,oid,ent,sectionId
1,1,1,1045
2,1,2,1042
3,1,3,1478
4,1,4,1311
5,1,5,1312
6,1,6,913
7,1,7,908
8,1,8,1221
9,1,9,1224
10,1,10,1228
11,1,11,145
12,1,12,140
13,1,13,1055
14,1,14,1051
15,1,15,927
16,1,16,924
17,1,17,1525
18,1,18,1517
19,1,19,1267
20,1,20,1262
21,1,21,1852
22,1,22,1993
23,1,23,1990
24,1,24,2100
25,1,25,2105
26,1,26,2106
27,1,27,2237
28,1,28,2151
29,1,29,1785
30,1,30,1782
31,1,31,1788
32,1,32,1792
33,1,33,1117
34,1,34,1109
35,1,35,1110
36,2,1,1045
37,2,2,1042
38,2,3,1478
39,2,4,1311
40,2,5,1312
41,2,6,913
42,2,7,908
43,2,8,1221
44,2,9,1224
45,2,10,1228
46,2,11,145
47,2,12,140
48,2,13,1055
49,2,14,1051
50,2,15,927
51,2,16,924
52,2,17,1525
53,2,18,1526
54,2,19,2036
55,2,20,859
56,2,21,753
57,2,22,739
58,2,23,740
59,2,24,1850
60,2,25,399
61,2,26,400
62,2,27,404
63,2,28,2121
64,2,29,2118
65,2,30,1757
66,2,31,1754
67,2,32,1902
68,2,33,1869
69,2,34,1791
70,2,35,1792
71,2,36,1117
72,2,37,1109
73,2,38,1110
74,3,1,1045
75,3,2,1042
76,3,3,1478
77,3,4,1311
78,3,5,1312
79,3,6,913
80,3,7,908
81,3,8,1221
82,3,9,1224
83,3,10,1228
84,3,11,145
85,3,12,140
86,3,13,1055
87,3,14,1051
88,3,15,927
89,3,16,924
90,3,17,1525
91,3,18,1526
92,3,19,2036
93,3,20,859
94,3,21,753
95,3,22,739
96,3,23,740
97,3,24,1850
98,3,25,399
99,3,26,400
100,3,27,404
101,3,28,2121
102,3,29,2118
103,3,30,1757
104,3,31,1754
105,3,32,1902
106,3,33,1869
107,3,34,1791
108,3,35,1792
109,3,36,1117
110,3,37,1109
111,3,38,1110
112,4,1,1045
113,4,2,1042
114,4,3,1478
115,4,4,1311
116,4,5,1312
117,4,6,913
118,4,7,914
119,4,8,603
120,4,9,598
121,4,10,718
122,4,11,709
123,4,12,710
124,4,13,730
125,4,14,1926
126,4,15,2178
127,4,16,2216
128,4,17,1185
129,4,18,1182
130,4,19,2159
131,4,20,2156
132,4,21,543
133,4,22,548
134,4,23,893
135,4,24,890
136,4,25,904
137,4,26,971
138,4,27,191
139,4,28,188
140,4,29,1125
141,4,30,1122
142,4,31,1840
143,4,32,181
144,4,33,176
145,4,34,1695
146,4,35,821
147,4,36,822
148,4,37,761
149,4,38,762
150,4,39,1300
151,4,40,2033
152,4,41,251
153,4,42,246
154,4,43,239
155,4,44,242
156,4,45,1110
157,5,1,1045
158,5,2,1042
159,5,3,1478
160,5,4,1311
161,5,5,1312
162,5,6,913
163,5,7,914
164,5,8,603
165,5,9,598
166,5,10,718
167,5,11,709
168,5,12,710
169,5,13,730
170,5,14,1926
171,5,15,2178
172,5,16,2216
173,5,17,1185
174,5,18,1182
175,5,19,2159
176,5,20,2156
177,5,21,543
178,5,22,548
179,5,23,893
180,5,24,890
181,5,25,904
182,5,26,971
183,5,27,191
184,5,28,188
185,5,29,1125
186,5,30,1122
187,5,31,1838
188,5,32,1967
189,5,33,1143
190,5,34,1137
191,5,35,1138
192,5,36,1645
193,5,37,1640
194,5,38,1974
195,5,39,249
196,5,40,246
197,5,41,239
198,5,42,242
199,5,43,1110
200,6,1,1045
201,6,2,1042
202,6,3,1478
203,6,4,1311
204,6,5,1312
205,6,6,913
206,6,7,908
207,6,8,1221
208,6,9,1224
209,6,10,1228
210,6,11,145
211,6,12,140
212,6,13,1055
213,6,14,1051
214,6,15,927
215,6,16,924
216,6,17,1525
217,6,18,1526
218,6,19,2036
219,6,20,859
220,6,21,753
221,6,22,739
222,6,23,740
223,6,24,1850
224,6,25,399
225,6,26,400
226,6,27,404
227,6,28,2121
228,6,29,2118
229,6,30,1757
230,6,31,1754
231,6,32,1902
232,6,33,1869
233,6,34,1791
234,6,35,1792
235,6,36,1117
236,6,37,1109
237,6,38,1110
238,7,1,1045
239,7,2,1042
240,7,3,1478
241,7,4,1311
242,7,5,1312
243,7,6,913
244,7,7,914
245,7,8,603
246,7,9,598
247,7,10,718
248,7,11,709
249,7,12,710
250,7,13,730
251,7,14,1926
252,7,15,2178
253,7,16,2216
254,7,17,1185
255,7,18,1182
256,7,19,2159
257,7,20,2156
258,7,21,543
259,7,22,548
260,7,23,893
261,7,24,890
262,7,25,904
263,7,26,971
264,7,27,191
265,7,28,188
266,7,29,1125
267,7,30,1122
268,7,31,1838
269,7,32,1967
270,7,33,1143
271,7,34,1137
272,7,35,1138
273,7,36,1645
274,7,37,1640
275,7,38,1974
276,7,39,249
277,7,40,246
278,7,41,239
279,7,42,242
280,7,43,1110
281,8,1,1045
282,8,2,1042
283,8,3,1478
284,8,4,1311
285,8,5,1312
286,8,6,913
287,8,7,908
288,8,8,1221
289,8,9,1224
290,8,10,1228
291,8,11,145
292,8,12,140
293,8,13,1055
294,8,14,1051
295,8,15,927
296,8,16,924
297,8,17,1525
298,8,18,1526
299,8,19,2036
300,8,20,859
301,8,21,753
302,8,22,739
303,8,23,740
304,8,24,1850
305,8,25,399
306,8,26,400
307,8,27,404
308,8,28,2121
309,8,29,2118
310,8,30,1757
311,8,31,1754
312,8,32,1902
313,8,33,1869
314,8,34,1791
315,8,35,1792
316,8,36,1117
317,8,37,1109
318,8,38,1110
319,9,1,1045
320,9,2,1042
321,9,3,1478
322,9,4,1311
323,9,5,1312
324,9,6,913
325,9,7,908
326,9,8,1221
327,9,9,1224
328,9,10,1228
329,9,11,145
330,9,12,140
331,9,13,1055
332,9,14,1051
333,9,15,927
334,9,16,924
335,9,17,1525
336,9,18,1526
337,9,19,2036
338,9,20,859
339,9,21,753
340,9,22,739
341,9,23,740
342,9,24,1850
343,9,25,399
344,9,26,400
345,9,27,404
346,9,28,2121
347,9,29,2118
348,9,30,1757
349,9,31,1754
350,9,32,1902
351,9,33,1869
352,9,34,1791
353,9,35,1792
354,9,36,1117
355,9,37,1109
356,9,38,1110
357,10,1,1045
358,10,2,1042
359,10,3,1478
360,10,4,1311
361,10,5,1312
362,10,6,913
363,10,7,908
364,10,8,1221
365,10,9,1224
366,10,10,1228
367,10,11,145
368,10,12,140
369,10,13,1055
370,10,14,1051
371,10,15,927
372,10,16,924
373,10,17,1525
374,10,18,1526
375,10,19,2036
376,10,20,859
377,10,21,753
378,10,22,739
379,10,23,740
380,10,24,1850
381,10,25,399
382,10,26,400
383,10,27,404
384,10,28,2121
385,10,29,2118
386,10,30,1757
387,10,31,1754
388,10,32,1902
389,10,33,1869
390,10,34,1791
391,10,35,1792
392,10,36,1117
393,10,37,1109
394,10,38,1110
395,11,1,1045
396,11,2,1042
397,11,3,1478
398,11,4,1311
399,11,5,1312
400,11,6,913
401,11,7,908
402,11,8,1221
403,11,9,1224
404,11,10,1228
405,11,11,145
406,11,12,140
407,11,13,1055
408,11,14,1051
409,11,15,927
410,11,16,924
411,11,17,1525
412,11,18,1526
413,11,19,2036
414,11,20,859
415,11,21,753
416,11,22,739
417,11,23,740
418,11,24,1850
419,11,25,399
420,11,26,400
421,11,27,404
422,11,28,2121
423,11,29,2118
424,11,30,1757
425,11,31,1754
426,11,32,1902
427,11,33,1869
428,11,34,1791
429,11,35,1792
430,11,36,1117
431,11,37,1109
432,11,38,1110
433,12,1,1045
434,12,2,1042
435,12,3,1478
436,12,4,1311
437,12,5,1312
438,12,6,913
439,12,7,914
440,12,8,603
441,12,9,598
442,12,10,718
443,12,11,709
444,12,12,710
445,12,13,730
446,12,14,1926
447,12,15,2178
448,12,16,2216
449,12,17,1185
450,12,18,1182
451,12,19,2159
452,12,20,2156
453,12,21,543
454,12,22,548
455,12,23,893
456,12,24,890
457,12,25,904
458,12,26,971
459,12,27,191
460,12,28,188
461,12,29,1125
462,12,30,1122
463,12,31,1838
464,12,32,1967
465,12,33,1143
466,12,34,1137
467,12,35,1138
468,12,36,1645
469,12,37,1640
470,12,38,1974
471,12,39,249
472,12,40,246
473,12,41,239
474,12,42,242
475,12,43,1110
476,13,1,1045
477,13,2,1042
478,13,3,1478
479,13,4,1311
480,13,5,1312
481,13,6,913
482,13,7,908
483,13,8,1221
484,13,9,1222
485,13,10,1324
486,13,11,747
487,13,12,750
488,13,13,1149
489,13,14,1146
490,13,15,2008
491,13,16,2089
492,13,17,531
493,13,18,528
494,13,19,532
495,13,20,536
496,13,21,1722
497,13,22,1717
498,13,23,1718
499,13,24,1732
500,13,25,1737
501,13,26,1738
502,13,27,2056
503,13,28,2139
504,13,29,2093
505,13,30,1695
506,13,31,821
507,13,32,822
508,13,33,761
509,13,34,762
510,13,35,1300
511,13,36,2033
512,13,37,251
513,13,38,246
514,13,39,239
515,13,40,242
516,13,41,1110
517,14,1,1045
518,14,2,1042
519,14,3,1478
520,14,4,1311
521,14,5,1312
522,14,6,913
523,14,7,914
524,14,8,603
525,14,9,598
526,14,10,718
527,14,11,709
528,14,12,710
529,14,13,730
530,14,14,1923
531,14,15,1924
532,14,16,2192
533,14,17,2173
534,14,18,1199
535,14,19,1196
536,14,20,2164
537,14,21,2199
538,14,22,2196
539,14,23,2171
540,14,24,2168
541,14,25,2183
542,14,26,543
543,14,27,548
544,14,28,893
545,14,29,890
546,14,30,904
547,14,31,971
548,14,32,191
549,14,33,188
550,14,34,1125
551,14,35,1126
552,14,36,2046
553,14,37,2080
554,14,38,181
555,14,39,176
556,14,40,1695
557,14,41,821
558,14,42,822
559,14,43,761
560,14,44,762
561,14,45,1300
562,14,46,2033
563,14,47,251
564,14,48,246
565,14,49,239
566,14,50,242
567,14,51,1110
568,15,1,1045
569,15,2,1042
570,15,3,1478
571,15,4,1311
572,15,5,1312
573,15,6,913
574,15,7,908
575,15,8,1221
576,15,9,1224
577,15,10,1228
578,15,11,145
579,15,12,140
580,15,13,1055
581,15,14,1051
582,15,15,927
583,15,16,924
584,15,17,1525
585,15,18,1526
586,15,19,2036
587,15,20,859
588,15,21,753
589,15,22,739
590,15,23,740
591,15,24,1850
592,15,25,399
593,15,26,400
594,15,27,404
595,15,28,2121
596,15,29,2118
597,15,30,1757
598,15,31,1754
599,15,32,1902
600,15,33,1869
601,15,34,1791
602,15,35,1792
603,15,36,1117
604,15,37,1109
605,15,38,1110
606,16,1,1045
607,16,2,1042
608,16,3,1478
609,16,4,1311
610,16,5,1312
611,16,6,913
612,16,7,908
613,16,8,1221
614,16,9,1224
615,16,10,1228
616,16,11,145
617,16,12,140
618,16,13,1055
619,16,14,1051
620,16,15,927
621,16,16,924
622,16,17,1525
623,16,18,1526
624,16,19,2036
625,16,20,859
626,16,21,753
627,16,22,739
628,16,23,740
629,16,24,1850
630,16,25,399
631,16,26,400
632,16,27,404
633,16,28,2121
634,16,29,2118
635,16,30,1757
636,16,31,1754
637,16,32,1902
638,16,33,1869
639,16,34,1791
640,16,35,1792
641,16,36,1117
642,16,37,1109
643,16,38,1110
644,17,1,1045
645,17,2,1042
646,17,3,1478
647,17,4,1311
648,17,5,1312
649,17,6,913
650,17,7,908
651,17,8,1221
652,17,9,1224
653,17,10,1228
654,17,11,145
655,17,12,140
656,17,13,1055
657,17,14,1051
658,17,15,927
659,17,16,924
660,17,17,1525
661,17,18,1526
662,17,19,2036
663,17,20,859
664,17,21,753
665,17,22,739
666,17,23,740
667,17,24,1850
668,17,25,399
669,17,26,400
670,17,27,404
671,17,28,2121
672,17,29,2118
673,17,30,1757
674,17,31,1754
675,17,32,1902
676,17,33,1869
677,17,34,1791
678,17,35,1792
679,17,36,1117
680,17,37,1109
681,17,38,1110
682,18,1,1045
683,18,2,1042
684,18,3,1478
685,18,4,1311
686,18,5,1312
687,18,6,913
688,18,7,908
689,18,8,1221
690,18,9,1224
691,18,10,1228
692,18,11,145
693,18,12,140
694,18,13,1055
695,18,14,1051
696,18,15,927
697,18,16,924
698,18,17,1525
699,18,18,1526
700,18,19,2036
701,18,20,859
702,18,21,753
703,18,22,739
704,18,23,740
705,18,24,1850
706,18,25,399
707,18,26,400
708,18,27,404
709,18,28,2121
710,18,29,2118
711,18,30,1757
712,18,31,1754
713,18,32,1902
714,18,33,1869
715,18,34,1791
716,18,35,1792
717,18,36,1117
718,18,37,1109
719,18,38,1110
720,19,1,1045
721,19,2,1042
722,19,3,1478
723,19,4,1311
724,19,5,1312
725,19,6,913
726,19,7,908
727,19,8,1221
728,19,9,1224
729,19,10,1228
730,19,11,145
731,19,12,140
732,19,13,1055
733,19,14,1051
734,19,15,927
735,19,16,924
736,19,17,1525
737,19,18,1526
738,19,19,2036
739,19,20,859
740,19,21,753
741,19,22,739
742,19,23,740
743,19,24,1850
744,19,25,399
745,19,26,400
746,19,27,404
747,19,28,2121
748,19,29,2118
749,19,30,1757
750,19,31,1754
751,19,32,1902
752,19,33,1869
753,19,34,1791
754,19,35,1792
755,19,36,1117
756,19,37,1109
757,19,38,1110
758,20,1,1045
759,20,2,1042
760,20,3,1478
761,20,4,1311
762,20,5,1312
763,20,6,913
764,20,7,908
765,20,8,1221
766,20,9,1224
767,20,10,1228
768,20,11,145
769,20,12,140
770,20,13,1055
771,20,14,1051
772,20,15,927
773,20,16,924
774,20,17,1525
775,20,18,1526
776,20,19,2036
777,20,20,859
778,20,21,753
779,20,22,739
780,20,23,740
781,20,24,1850
782,20,25,399
783,20,26,400
784,20,27,404
785,20,28,2121
786,20,29,2118
787,20,30,1757
788,20,31,1754
789,20,32,1902
790,20,33,1869
791,20,34,1791
792,20,35,1792
793,20,36,1117
794,20,37,1109
795,20,38,1110
796,21,1,1045
797,21,2,1042
798,21,3,1478
799,21,4,1311
800,21,5,1312
801,21,6,913
802,21,7,908
803,21,8,1221
804,21,9,1224
805,21,10,1228
806,21,11,145
807,21,12,140
808,21,13,1055
809,21,14,1051
810,21,15,927
811,21,16,924
812,21,17,1525
813,21,18,1526
814,21,19,2036
815,21,20,859
816,21,21,753
817,21,22,739
818,21,23,740
819,21,24,1850
820,21,25,399
821,21,26,400
822,21,27,404
823,21,28,2121
824,21,29,2118
825,21,30,1757
826,21,31,1754
827,21,32,1902
828,21,33,1869
829,21,34,1791
830,21,35,1792
831,21,36,1117
832,21,37,1109
833,21,38,1110
834,22,1,1045
835,22,2,1042
836,22,3,1478
837,22,4,1311
838,22,5,1312
839,22,6,913
840,22,7,908
841,22,8,1221
842,22,9,1224
843,22,10,1228
844,22,11,145
845,22,12,140
846,22,13,1055
847,22,14,1051
848,22,15,927
849,22,16,924
850,22,17,1525
851,22,18,1526
852,22,19,2036
853,22,20,859
854,22,21,753
855,22,22,739
856,22,23,740
857,22,24,1850
858,22,25,399
859,22,26,400
860,22,27,404
861,22,28,2121
862,22,29,2118
863,22,30,1757
864,22,31,1754
865,22,32,1902
866,22,33,1869
867,22,34,1791
868,22,35,1792
869,22,36,1117
870,22,37,1109
871,22,38,1110
872,23,1,1045
873,23,2,1042
874,23,3,1478
875,23,4,1311
876,23,5,1312
877,23,6,913
878,23,7,908
879,23,8,1221
880,23,9,1224
881,23,10,1228
882,23,11,145
883,23,12,140
884,23,13,1055
885,23,14,1051
886,23,15,927
887,23,16,924
888,23,17,1525
889,23,18,1526
890,23,19,2036
891,23,20,859
892,23,21,753
893,23,22,739
894,23,23,740
895,23,24,1850
896,23,25,399
897,23,26,400
898,23,27,404
899,23,28,2121
900,23,29,2118
901,23,30,1757
902,23,31,1754
903,23,32,1902
904,23,33,1869
905,23,34,1791
906,23,35,1792
907,23,36,1117
908,23,37,1109
909,23,38,1110
910,24,1,1045
911,24,2,1042
912,24,3,1478
913,24,4,1311
914,24,5,1312
915,24,6,913
916,24,7,908
917,24,8,1221
918,24,9,1224
919,24,10,1228
920,24,11,145
921,24,12,140
922,24,13,1055
923,24,14,1051
924,24,15,927
925,24,16,924
926,24,17,1525
927,24,18,1526
928,24,19,2036
929,24,20,859
930,24,21,753
931,24,22,739
932,24,23,740
933,24,24,1850
934,24,25,399
935,24,26,400
936,24,27,404
937,24,28,2121
938,24,29,2118
939,24,30,1757
940,24,31,1754
941,24,32,1902
942,24,33,1869
943,24,34,1791
944,24,35,1792
945,24,36,1117
946,24,37,1109
947,24,38,1110
948,25,1,1045
949,25,2,1042
950,25,3,1478
951,25,4,1311
952,25,5,1308
953,25,6,1003
954,25,7,1006
955,25,8,1030
956,25,9,1017
957,25,10,869
958,25,11,872
959,25,12,885
960,25,13,880
961,25,14,897
962,25,15,894
963,25,16,1937
964,25,17,1849
965,25,18,1469
966,25,19,5
967,25,20,6
968,25,21,806
969,25,22,971
970,25,23,191
971,25,24,188
972,25,25,1125
973,25,26,1126
974,25,27,2046
975,25,28,2080
976,25,29,181
977,25,30,176
978,25,31,1695
979,25,32,821
980,25,33,822
981,25,34,761
982,25,35,762
983,25,36,1300
984,25,37,2033
985,25,38,251
986,25,39,246
987,25,40,239
988,25,41,242
989,25,42,1110
990,26,1,1045
991,26,2,1042
992,26,3,1478
993,26,4,1311
994,26,5,1312
995,26,6,913
996,26,7,908
997,26,8,1221
998,26,9,1224
999,26,10,1228
1000,26,11,145
1001,26,12,140
1002,26,13,1055
1003,26,14,1051
1004,26,15,927
1005,26,16,924
1006,26,17,1525
1007,26,18,1526
1008,26,19,2036
1009,26,20,859
1010,26,21,753
1011,26,22,739
1012,26,23,740
1013,26,24,1850
1014,26,25,399
1015,26,26,400
1016,26,27,404
1017,26,28,2121
1018,26,29,2118
1019,26,30,1757
1020,26,31,1754
1021,26,32,1902
1022,26,33,1869
1023,26,34,1791
1024,26,35,1792
1025,26,36,1117
1026,26,37,1109
1027,26,38,1110
1028,27,1,1045
1029,27,2,1042
1030,27,3,1478
1031,27,4,1311
1032,27,5,1312
1033,27,6,913
1034,27,7,908
1035,27,8,1221
1036,27,9,1224
1037,27,10,1228
1038,27,11,145
1039,27,12,140
1040,27,13,1055
1041,27,14,1051
1042,27,15,927
1043,27,16,924
1044,27,17,1525
1045,27,18,1526
1046,27,19,2036
1047,27,20,859
1048,27,21,753
1049,27,22,739
1050,27,23,740
1051,27,24,1850
1052,27,25,399
1053,27,26,400
1054,27,27,404
1055,27,28,2121
1056,27,29,2118
1057,27,30,1757
1058,27,31,1754
1059,27,32,1902
1060,27,33,1869
1061,27,34,1791
1062,27,35,1792
1063,27,36,1117
1064,27,37,1109
1065,27,38,1110
1066,28,1,1045
1067,28,2,1042
1068,28,3,1478
1069,28,4,1311
1070,28,5,1312
1071,28,6,913
1072,28,7,908
1073,28,8,1221
1074,28,9,1224
1075,28,10,1228
1076,28,11,145
1077,28,12,140
1078,28,13,1055
1079,28,14,1051
1080,28,15,927
1081,28,16,924
1082,28,17,1525
1083,28,18,1526
1084,28,19,2036
1085,28,20,859
1086,28,21,753
1087,28,22,739
1088,28,23,740
1089,28,24,1850
1090,28,25,399
1091,28,26,400
1092,28,27,404
1093,28,28,2121
1094,28,29,2118
1095,28,30,1757
1096,28,31,1754
1097,28,32,1902
1098,28,33,1869
1099,28,34,1791
1100,28,35,1792
1101,28,36,1117
1102,28,37,1109
1103,28,38,1110
1104,29,1,1045
1105,29,2,1042
1106,29,3,1478
1107,29,4,1311
1108,29,5,1312
1109,29,6,597
1110,29,7,573
1111,29,8,570
1112,29,9,592
1113,29,10,1032
1114,29,11,1204
1115,29,12,517
1116,29,13,510
1117,29,14,1818
1118,29,15,1930
1119,29,16,2171
1120,29,17,2168
1121,29,18,2183
1122,29,19,543
1123,29,20,548
1124,29,21,893
1125,29,22,890
1126,29,23,904
1127,29,24,971
1128,29,25,191
1129,29,26,188
1130,29,27,1125
1131,29,28,1126
1132,29,29,2046
1133,29,30,2080
1134,29,31,181
1135,29,32,176
1136,29,33,1695
1137,29,34,821
1138,29,35,822
1139,29,36,761
1140,29,37,762
1141,29,38,1300
1142,29,39,2033
1143,29,40,251
1144,29,41,246
1145,29,42,239
1146,29,43,242
1147,29,44,1110
1148,30,1,1045
1149,30,2,1042
1150,30,3,1478
1151,30,4,1311
1152,30,5,1312
1153,30,6,913
1154,30,7,908
1155,30,8,1221
1156,30,9,1224
1157,30,10,1228
1158,30,11,145
1159,30,12,140
1160,30,13,1055
1161,30,14,1051
1162,30,15,927
1163,30,16,924
1164,30,17,1525
1165,30,18,1526
1166,30,19,2036
1167,30,20,859
1168,30,21,753
1169,30,22,739
1170,30,23,740
1171,30,24,1850
1172,30,25,399
1173,30,26,400
1174,30,27,404
1175,30,28,2121
1176,30,29,2118
1177,30,30,1757
1178,30,31,1754
1179,30,32,1902
1180,30,33,1869
1181,30,34,1791
1182,30,35,1792
1183,30,36,1117
1184,30,37,1109
1185,30,38,1110
1186,31,1,1045
1187,31,2,1042
1188,31,3,1478
1189,31,4,1311
1190,31,5,1312
1191,31,6,913
1192,31,7,908
1193,31,8,1221
1194,31,9,1224
1195,31,10,1228
1196,31,11,145
1197,31,12,140
1198,31,13,1055
1199,31,14,1051
1200,31,15,927
1201,31,16,924
1202,31,17,1525
1203,31,18,1526
1204,31,19,2036
1205,31,20,859
1206,31,21,753
1207,31,22,739
1208,31,23,740
1209,31,24,1850
1210,31,25,399
1211,31,26,400
1212,31,27,404
1213,31,28,2121
1214,31,29,2118
1215,31,30,1757
1216,31,31,1754
1217,31,32,1902
1218,31,33,1869
1219,31,34,1791
1220,31,35,1792
1221,31,36,1117
1222,31,37,1109
1223,31,38,1110
1224,32,1,1045
1225,32,2,1042
1226,32,3,1478
1227,32,4,1311
1228,32,5,1312
1229,32,6,913
1230,32,7,908
1231,32,8,1221
1232,32,9,1224
1233,32,10,1228
1234,32,11,145
1235,32,12,140
1236,32,13,1055
1237,32,14,1051
1238,32,15,927
1239,32,16,924
1240,32,17,1525
1241,32,18,1526
1242,32,19,2036
1243,32,20,859
1244,32,21,753
1245,32,22,739
1246,32,23,740
1247,32,24,1850
1248,32,25,399
1249,32,26,400
1250,32,27,404
1251,32,28,2121
1252,32,29,2118
1253,32,30,1757
1254,32,31,1754
1255,32,32,1902
1256,32,33,1869
1257,32,34,1791
1258,32,35,1792
1259,32,36,1117
1260,32,37,1109
1261,32,38,1110
1262,33,1,1045
1263,33,2,1042
1264,33,3,1478
1265,33,4,1311
1266,33,5,1312
1267,33,6,913
1268,33,7,908
1269,33,8,1221
1270,33,9,1224
1271,33,10,1228
1272,33,11,145
1273,33,12,140
1274,33,13,1055
1275,33,14,1051
1276,33,15,927
1277,33,16,924
1278,33,17,1525
1279,33,18,1526
1280,33,19,2036
1281,33,20,859
1282,33,21,753
1283,33,22,739
1284,33,23,740
1285,33,24,1850
1286,33,25,399
1287,33,26,400
1288,33,27,404
1289,33,28,2121
1290,33,29,2118
1291,33,30,1757
1292,33,31,1754
1293,33,32,1902
1294,33,33,1869
1295,33,34,1791
1296,33,35,1792
1297,33,36,1117
1298,33,37,1109
1299,33,38,1110
1300,34,1,1045
1301,34,2,1042
1302,34,3,1478
1303,34,4,1311
1304,34,5,1312
1305,34,6,913
1306,34,7,908
1307,34,8,1221
1308,34,9,1224
1309,34,10,1228
1310,34,11,145
1311,34,12,140
1312,34,13,1055
1313,34,14,1051
1314,34,15,927
1315,34,16,924
1316,34,17,1525
1317,34,18,1526
1318,34,19,2036
1319,34,20,859
1320,34,21,753
1321,34,22,739
1322,34,23,740
1323,34,24,1850
1324,34,25,399
1325,34,26,400
1326,34,27,404
1327,34,28,2121
1328,34,29,2118
1329,34,30,1757
1330,34,31,1754
1331,34,32,1902
1332,34,33,1869
1333,34,34,1791
1334,34,35,1792
1335,34,36,1117
1336,34,37,1109
1337,34,38,1110
1338,35,1,1045
1339,35,2,1042
1340,35,3,1478
1341,35,4,1311
1342,35,5,1312
1343,35,6,913
1344,35,7,908
1345,35,8,1221
1346,35,9,1224
1347,35,10,1228
1348,35,11,145
1349,35,12,140
1350,35,13,1055
1351,35,14,1051
1352,35,15,927
1353,35,16,924
1354,35,17,1525
1355,35,18,1526
1356,35,19,2036
1357,35,20,859
1358,35,21,753
1359,35,22,739
1360,35,23,740
1361,35,24,1850
1362,35,25,399
1363,35,26,400
1364,35,27,404
1365,35,28,2121
1366,35,29,2118
1367,35,30,1757
1368,35,31,1754
1369,35,32,1902
1370,35,33,1869
1371,35,34,1791
1372,35,35,1792
1373,35,36,1117
1374,35,37,1109
1375,35,38,1110
1376,36,1,1045
1377,36,2,1042
1378,36,3,1478
1379,36,4,1311
1380,36,5,1312
1381,36,6,913
1382,36,7,908
1383,36,8,1221
1384,36,9,1224
1385,36,10,1228
1386,36,11,145
1387,36,12,140
1388,36,13,1055
1389,36,14,1051
1390,36,15,927
1391,36,16,924
1392,36,17,1525
1393,36,18,1526
1394,36,19,2036
1395,36,20,859
1396,36,21,753
1397,36,22,739
1398,36,23,740
1399,36,24,1850
1400,36,25,399
1401,36,26,400
1402,36,27,404
1403,36,28,2121
1404,36,29,2118
1405,36,30,1757
1406,36,31,1754
1407,36,32,1902
1408,36,33,1869
1409,36,34,1791
1410,36,35,1792
1411,36,36,1117
1412,36,37,1109
1413,36,38,1110
1414,37,1,1045
1415,37,2,1042
1416,37,3,1478
1417,37,4,1311
1418,37,5,1312
1419,37,6,597
1420,37,7,573
1421,37,8,570
1422,37,9,592
1423,37,10,1032
1424,37,11,1204
1425,37,12,517
1426,37,13,510
1427,37,14,1818
1428,37,15,1930
1429,37,16,2171
1430,37,17,2168
1431,37,18,2183
1432,37,19,543
1433,37,20,548
1434,37,21,893
1435,37,22,890
1436,37,23,904
1437,37,24,971
1438,37,25,191
1439,37,26,188
1440,37,27,1125
1441,37,28,1126
1442,37,29,2048
1443,37,30,227
1444,37,31,230
1445,37,32,235
1446,37,33,232
1447,37,34,1732
1448,37,35,1737
1449,37,36,1738
1450,37,37,2056
1451,37,38,2139
1452,37,39,2093
1453,37,40,1695
1454,37,41,821
1455,37,42,822
1456,37,43,761
1457,37,44,762
1458,37,45,1300
1459,37,46,2033
1460,37,47,251
1461,37,48,246
1462,37,49,239
1463,37,50,242
1464,37,51,1110
1465,38,1,1045
1466,38,2,1042
1467,38,3,1478
1468,38,4,1311
1469,38,5,1312
1470,38,6,913
1471,38,7,908
1472,38,8,1221
1473,38,9,1224
1474,38,10,1228
1475,38,11,145
1476,38,12,140
1477,38,13,1055
1478,38,14,1051
1479,38,15,927
1480,38,16,924
1481,38,17,1525
1482,38,18,1526
1483,38,19,2036
1484,38,20,859
1485,38,21,753
1486,38,22,739
1487,38,23,740
1488,38,24,1850
1489,38,25,399
1490,38,26,400
1491,38,27,404
1492,38,28,2121
1493,38,29,2118
1494,38,30,1757
1495,38,31,1754
1496,38,32,1902
1497,38,33,1869
1498,38,34,1791
1499,38,35,1792
1500,38,36,1117
1501,38,37,1109
1502,38,38,1110
1503,39,1,1045
1504,39,2,1042
1505,39,3,1478
1506,39,4,1311
1507,39,5,1312
1508,39,6,913
1509,39,7,908
1510,39,8,1221
1511,39,9,1224
1512,39,10,1228
1513,39,11,145
1514,39,12,140
1515,39,13,1055
1516,39,14,1051
1517,39,15,927
1518,39,16,924
1519,39,17,1525
1520,39,18,1526
1521,39,19,2036
1522,39,20,859
1523,39,21,753
1524,39,22,739
1525,39,23,740
1526,39,24,1850
1527,39,25,399
1528,39,26,400
1529,39,27,404
1530,39,28,2121
1531,39,29,2118
1532,39,30,1757
1533,39,31,1754
1534,39,32,1902
1535,39,33,1869
1536,39,34,1791
1537,39,35,1792
1538,39,36,1117
1539,39,37,1109
1540,39,38,1110
1541,40,1,1045
1542,40,2,1042
1543,40,3,1478
1544,40,4,1311
1545,40,5,1312
1546,40,6,913
1547,40,7,908
1548,40,8,1221
1549,40,9,1224
1550,40,10,1228
1551,40,11,145
1552,40,12,140
1553,40,13,1055
1554,40,14,1051
1555,40,15,927
1556,40,16,924
1557,40,17,1525
1558,40,18,1526
1559,40,19,2036
1560,40,20,859
1561,40,21,753
1562,40,22,739
1563,40,23,740
1564,40,24,1850
1565,40,25,399
1566,40,26,400
1567,40,27,404
1568,40,28,2121
1569,40,29,2118
1570,40,30,1757
1571,40,31,1754
1572,40,32,1902
1573,40,33,1869
1574,40,34,1791
1575,40,35,1792
1576,40,36,1117
1577,40,37,1109
1578,40,38,1110
1579,41,1,1045
1580,41,2,1042
1581,41,3,1478
1582,41,4,1311
1583,41,5,1312
1584,41,6,913
1585,41,7,914
1586,41,8,603
1587,41,9,598
1588,41,10,718
1589,41,11,709
1590,41,12,710
1591,41,13,730
1592,41,14,1926
1593,41,15,2178
1594,41,16,2216
1595,41,17,1185
1596,41,18,1182
1597,41,19,2159
1598,41,20,2156
1599,41,21,543
1600,41,22,548
1601,41,23,893
1602,41,24,890
1603,41,25,904
1604,41,26,971
1605,41,27,191
1606,41,28,188
1607,41,29,1125
1608,41,30,1126
1609,41,31,2046
1610,41,32,2080
1611,41,33,181
1612,41,34,176
1613,41,35,1695
1614,41,36,821
1615,41,37,822
1616,41,38,761
1617,41,39,762
1618,41,40,1300
1619,41,41,2033
1620,41,42,251
1621,41,43,246
1622,41,44,239
1623,41,45,242
1624,41,46,1110
1625,42,1,1045
1626,42,2,1042
1627,42,3,1478
1628,42,4,1311
1629,42,5,1312
1630,42,6,913
1631,42,7,908
1632,42,8,1221
1633,42,9,1224
1634,42,10,1228
1635,42,11,145
1636,42,12,140
1637,42,13,1055
1638,42,14,1051
1639,42,15,927
1640,42,16,924
1641,42,17,1525
1642,42,18,1526
1643,42,19,2036
1644,42,20,859
1645,42,21,753
1646,42,22,739
1647,42,23,740
1648,42,24,1850
1649,42,25,399
1650,42,26,400
1651,42,27,404
1652,42,28,2121
1653,42,29,2118
1654,42,30,1757
1655,42,31,1754
1656,42,32,1902
1657,42,33,1869
1658,42,34,1791
1659,42,35,1792
1660,42,36,1117
1661,42,37,1109
1662,42,38,1110
1663,43,1,1045
1664,43,2,1042
1665,43,3,1478
1666,43,4,1311
1667,43,5,1312
1668,43,6,913
1669,43,7,908
1670,43,8,1221
1671,43,9,1224
1672,43,10,1228
1673,43,11,145
1674,43,12,140
1675,43,13,1055
1676,43,14,1051
1677,43,15,927
1678,43,16,924
1679,43,17,1525
1680,43,18,1526
1681,43,19,2036
1682,43,20,859
1683,43,21,753
1684,43,22,739
1685,43,23,740
1686,43,24,1850
1687,43,25,399
1688,43,26,400
1689,43,27,404
1690,43,28,2121
1691,43,29,2118
1692,43,30,1757
1693,43,31,1754
1694,43,32,1902
1695,43,33,1869
1696,43,34,1791
1697,43,35,1792
1698,43,36,1117
1699,43,37,1109
1700,43,38,1110
1701,44,1,1045
1702,44,2,1042
1703,44,3,1478
1704,44,4,1311
1705,44,5,1312
1706,44,6,913
1707,44,7,908
1708,44,8,1221
1709,44,9,1224
1710,44,10,1228
1711,44,11,145
1712,44,12,140
1713,44,13,1055
1714,44,14,1051
1715,44,15,927
1716,44,16,924
1717,44,17,1525
1718,44,18,1526
1719,44,19,2036
1720,44,20,859
1721,44,21,753
1722,44,22,739
1723,44,23,740
1724,44,24,1850
1725,44,25,399
1726,44,26,400
1727,44,27,404
1728,44,28,2121
1729,44,29,2118
1730,44,30,1757
1731,44,31,1754
1732,44,32,1902
1733,44,33,1869
1734,44,34,1791
1735,44,35,1792
1736,44,36,1117
1737,44,37,1109
1738,44,38,1110
1739,45,1,1045
1740,45,2,1042
1741,45,3,1478
1742,45,4,1311
1743,45,5,1312
1744,45,6,913
1745,45,7,908
1746,45,8,1221
1747,45,9,1224
1748,45,10,1228
1749,45,11,145
1750,45,12,140
1751,45,13,1055
1752,45,14,1051
1753,45,15,927
1754,45,16,924
1755,45,17,1525
1756,45,18,1526
1757,45,19,2036
1758,45,20,859
1759,45,21,753
1760,45,22,739
1761,45,23,740
1762,45,24,1850
1763,45,25,399
1764,45,26,400
1765,45,27,404
1766,45,28,2121
1767,45,29,2118
1768,45,30,1757
1769,45,31,1754
1770,45,32,1902
1771,45,33,1869
1772,45,34,1791
1773,45,35,1792
1774,45,36,1117
1775,45,37,1109
1776,45,38,1110
1777,46,1,1045
1778,46,2,1042
1779,46,3,1478
1780,46,4,1311
1781,46,5,1312
1782,46,6,913
1783,46,7,908
1784,46,8,1221
1785,46,9,1224
1786,46,10,1228
1787,46,11,145
1788,46,12,140
1789,46,13,1055
1790,46,14,1051
1791,46,15,927
1792,46,16,924
1793,46,17,1525
1794,46,18,1526
1795,46,19,2036
1796,46,20,859
1797,46,21,753
1798,46,22,739
1799,46,23,740
1800,46,24,1850
1801,46,25,399
1802,46,26,400
1803,46,27,404
1804,46,28,2121
1805,46,29,2118
1806,46,30,1757
1807,46,31,1754
1808,46,32,1902
1809,46,33,1869
1810,46,34,1791
1811,46,35,1792
1812,46,36,1117
1813,46,37,1109
1814,46,38,1110
1815,47,1,1045
1816,47,2,1042
1817,47,3,1478
1818,47,4,1311
1819,47,5,1312
1820,47,6,913
1821,47,7,908
1822,47,8,1221
1823,47,9,1224
1824,47,10,1228
1825,47,11,145
1826,47,12,140
1827,47,13,1055
1828,47,14,1051
1829,47,15,927
1830,47,16,924
1831,47,17,1525
1832,47,18,1526
1833,47,19,2036
1834,47,20,859
1835,47,21,753
1836,47,22,739
1837,47,23,740
1838,47,24,1850
1839,47,25,399
1840,47,26,400
1841,47,27,404
1842,47,28,2121
1843,47,29,2118
1844,47,30,1757
1845,47,31,1754
1846,47,32,1902
1847,47,33,1869
1848,47,34,1791
1849,47,35,1792
1850,47,36,1117
1851,47,37,1109
1852,47,38,1110
1853,48,1,1045
1854,48,2,1042
1855,48,3,1478
1856,48,4,1311
1857,48,5,1312
1858,48,6,913
1859,48,7,908
1860,48,8,1221
1861,48,9,1224
1862,48,10,1228
1863,48,11,145
1864,48,12,140
1865,48,13,1055
1866,48,14,1051
1867,48,15,927
1868,48,16,924
1869,48,17,1525
1870,48,18,1526
1871,48,19,2036
1872,48,20,859
1873,48,21,753
1874,48,22,739
1875,48,23,740
1876,48,24,1850
1877,48,25,399
1878,48,26,400
1879,48,27,404
1880,48,28,2121
1881,48,29,2118
1882,48,30,1757
1883,48,31,1754
1884,48,32,1902
1885,48,33,1869
1886,48,34,1791
1887,48,35,1792
1888,48,36,1117
1889,48,37,1109
1890,48,38,1110
1891,49,1,1045
1892,49,2,1042
1893,49,3,1478
1894,49,4,1311
1895,49,5,1312
1896,49,6,913
1897,49,7,908
1898,49,8,1221
1899,49,9,1224
1900,49,10,1228
1901,49,11,145
1902,49,12,140
1903,49,13,1055
1904,49,14,1051
1905,49,15,927
1906,49,16,924
1907,49,17,1525
1908,49,18,1526
1909,49,19,2036
1910,49,20,859
1911,49,21,753
1912,49,22,739
1913,49,23,740
1914,49,24,1850
1915,49,25,399
1916,49,26,400
1917,49,27,404
1918,49,28,2121
1919,49,29,2118
1920,49,30,1757
1921,49,31,1754
1922,49,32,1902
1923,49,33,1869
1924,49,34,1791
1925,49,35,1792
1926,49,36,1117
1927,49,37,1109
1928,49,38,1110
1929,50,1,1045
1930,50,2,1042
1931,50,3,1478
1932,50,4,1311
1933,50,5,1312
1934,50,6,913
1935,50,7,914
1936,50,8,603
1937,50,9,598
1938,50,10,718
1939,50,11,709
1940,50,12,710
1941,50,13,730
1942,50,14,1926
1943,50,15,2178
1944,50,16,2216
1945,50,17,1185
1946,50,18,1182
1947,50,19,2159
1948,50,20,2156
1949,50,21,543
1950,50,22,548
1951,50,23,893
1952,50,24,890
1953,50,25,904
1954,50,26,971
1955,50,27,191
1956,50,28,188
1957,50,29,1125
1958,50,30,1126
1959,50,31,2046
1960,50,32,2080
1961,50,33,181
1962,50,34,176
1963,50,35,1695
1964,50,36,821
1965,50,37,822
1966,50,38,761
1967,50,39,762
1968,50,40,1300
1969,50,41,2033
1970,50,42,251
1971,50,43,246
1972,50,44,239
1973,50,45,242
1974,50,46,1110
1975,51,1,1045
1976,51,2,1042
1977,51,3,1478
1978,51,4,1311
1979,51,5,1312
1980,51,6,913
1981,51,7,908
1982,51,8,1221
1983,51,9,1224
1984,51,10,1228
1985,51,11,145
1986,51,12,140
1987,51,13,1055
1988,51,14,1051
1989,51,15,927
1990,51,16,924
1991,51,17,1525
1992,51,18,1526
1993,51,19,2036
1994,51,20,859
1995,51,21,753
1996,51,22,739
1997,51,23,740
1998,51,24,1850
1999,51,25,399
2000,51,26,400
2001,51,27,404
2002,51,28,2121
2003,51,29,2118
2004,51,30,1757
2005,51,31,1754
2006,51,32,1902
2007,51,33,1869
2008,51,34,1791
2009,51,35,1792
2010,51,36,1117
2011,51,37,1109
2012,51,38,1110
2013,52,1,1045
2014,52,2,1042
2015,52,3,1478
2016,52,4,1311
2017,52,5,1312
2018,52,6,913
2019,52,7,908
2020,52,8,1221
2021,52,9,1222
2022,52,10,1324
2023,52,11,747
2024,52,12,748
2025,52,13,2231
2026,52,14,1305
2027,52,15,525
2028,52,16,522
2029,52,17,540
2030,52,18,907
2031,52,19,904
2032,52,20,971
2033,52,21,191
2034,52,22,188
2035,52,23,1125
2036,52,24,1122
2037,52,25,1838
2038,52,26,1967
2039,52,27,1143
2040,52,28,1137
2041,52,29,1138
2042,52,30,1645
2043,52,31,1640
2044,52,32,1974
2045,52,33,249
2046,52,34,246
2047,52,35,239
2048,52,36,242
2049,52,37,1110
2050,53,1,1045
2051,53,2,1042
2052,53,3,1478
2053,53,4,1311
2054,53,5,1312
2055,53,6,913
2056,53,7,908
2057,53,8,1221
2058,53,9,1224
2059,53,10,1228
2060,53,11,145
2061,53,12,140
2062,53,13,1055
2063,53,14,1051
2064,53,15,927
2065,53,16,924
2066,53,17,1525
2067,53,18,1526
2068,53,19,2036
2069,53,20,859
2070,53,21,753
2071,53,22,739
2072,53,23,740
2073,53,24,1850
2074,53,25,399
2075,53,26,400
2076,53,27,404
2077,53,28,2121
2078,53,29,2118
2079,53,30,1757
2080,53,31,1754
2081,53,32,1902
2082,53,33,1869
2083,53,34,1791
2084,53,35,1792
2085,53,36,1117
2086,53,37,1109
2087,53,38,1110
2088,54,1,1045
2089,54,2,1042
2090,54,3,1478
2091,54,4,1311
2092,54,5,1312
2093,54,6,913
2094,54,7,908
2095,54,8,1221
2096,54,9,1224
2097,54,10,1228
2098,54,11,145
2099,54,12,140
2100,54,13,1055
2101,54,14,1051
2102,54,15,927
2103,54,16,924
2104,54,17,1525
2105,54,18,1526
2106,54,19,2036
2107,54,20,859
2108,54,21,753
2109,54,22,739
2110,54,23,740
2111,54,24,1850
2112,54,25,399
2113,54,26,400
2114,54,27,404
2115,54,28,2121
2116,54,29,2118
2117,54,30,1757
2118,54,31,1754
2119,54,32,1902
2120,54,33,1869
2121,54,34,1791
2122,54,35,1792
2123,54,36,1117
2124,54,37,1109
2125,54,38,1110
2126,55,1,1045
2127,55,2,1042
2128,55,3,1478
2129,55,4,1311
2130,55,5,1312
2131,55,6,913
2132,55,7,908
2133,55,8,1221
2134,55,9,1224
2135,55,10,1228
2136,55,11,145
2137,55,12,140
2138,55,13,1055
2139,55,14,1051
2140,55,15,927
2141,55,16,924
2142,55,17,1525
2143,55,18,1526
2144,55,19,2036
2145,55,20,859
2146,55,21,753
2147,55,22,739
2148,55,23,740
2149,55,24,1850
2150,55,25,399
2151,55,26,400
2152,55,27,404
2153,55,28,2121
2154,55,29,2118
2155,55,30,1757
2156,55,31,1754
2157,55,32,1902
2158,55,33,1869
2159,55,34,1791
2160,55,35,1792
2161,55,36,1117
2162,55,37,1109
2163,55,38,1110
2164,56,1,1045
2165,56,2,1042
2166,56,3,1478
2167,56,4,1311
2168,56,5,1312
2169,56,6,913
2170,56,7,908
2171,56,8,1221
2172,56,9,1224
2173,56,10,1228
2174,56,11,145
2175,56,12,140
2176,56,13,1055
2177,56,14,1051
2178,56,15,927
2179,56,16,924
2180,56,17,1525
2181,56,18,1526
2182,56,19,2036
2183,56,20,859
2184,56,21,753
2185,56,22,739
2186,56,23,740
2187,56,24,1850
2188,56,25,399
2189,56,26,400
2190,56,27,404
2191,56,28,2121
2192,56,29,2118
2193,56,30,1757
2194,56,31,1754
2195,56,32,1902
2196,56,33,1869
2197,56,34,1791
2198,56,35,1792
2199,56,36,1117
2200,56,37,1109
2201,56,38,1110
2202,57,1,1045
2203,57,2,1042
2204,57,3,1478
2205,57,4,1311
2206,57,5,1312
2207,57,6,913
2208,57,7,908
2209,57,8,1221
2210,57,9,1224
2211,57,10,1228
2212,57,11,145
2213,57,12,140
2214,57,13,1055
2215,57,14,1051
2216,57,15,927
2217,57,16,924
2218,57,17,1525
2219,57,18,1526
2220,57,19,2036
2221,57,20,859
2222,57,21,753
2223,57,22,739
2224,57,23,740
2225,57,24,1850
2226,57,25,399
2227,57,26,400
2228,57,27,404
2229,57,28,2121
2230,57,29,2118
2231,57,30,1757
2232,57,31,1754
2233,57,32,1902
2234,57,33,1869
2235,57,34,1791
2236,57,35,1792
2237,57,36,1117
2238,57,37,1109
2239,57,38,1110
2240,58,1,1045
2241,58,2,1042
2242,58,3,1478
2243,58,4,1311
2244,58,5,1312
2245,58,6,913
2246,58,7,908
2247,58,8,1221
2248,58,9,1224
2249,58,10,1228
2250,58,11,145
2251,58,12,140
2252,58,13,1055
2253,58,14,1051
2254,58,15,927
2255,58,16,924
2256,58,17,1525
2257,58,18,1526
2258,58,19,2036
2259,58,20,859
2260,58,21,753
2261,58,22,739
2262,58,23,740
2263,58,24,1850
2264,58,25,399
2265,58,26,400
2266,58,27,404
2267,58,28,2121
2268,58,29,2118
2269,58,30,1757
2270,58,31,1754
2271,58,32,1902
2272,58,33,1869
2273,58,34,1791
2274,58,35,1792
2275,58,36,1117
2276,58,37,1109
2277,58,38,1110
2278,59,1,1045
2279,59,2,1042
2280,59,3,1478
2281,59,4,1311
2282,59,5,1312
2283,59,6,913
2284,59,7,908
2285,59,8,1221
2286,59,9,1224
2287,59,10,1228
2288,59,11,145
2289,59,12,140
2290,59,13,1055
2291,59,14,1051
2292,59,15,927
2293,59,16,924
2294,59,17,1525
2295,59,18,1526
2296,59,19,2036
2297,59,20,859
2298,59,21,753
2299,59,22,739
2300,59,23,740
2301,59,24,1850
2302,59,25,399
2303,59,26,400
2304,59,27,404
2305,59,28,2121
2306,59,29,2118
2307,59,30,1757
2308,59,31,1754
2309,59,32,1902
2310,59,33,1869
2311,59,34,1791
2312,59,35,1792
2313,59,36,1117
2314,59,37,1109
2315,59,38,1110
2316,60,1,1045
2317,60,2,1042
2318,60,3,1478
2319,60,4,1311
2320,60,5,1312
2321,60,6,597
2322,60,7,581
2323,60,8,578
2324,60,9,519
2325,60,10,520
2326,60,11,517
2327,60,12,510
2328,60,13,1818
2329,60,14,1930
2330,60,15,2171
2331,60,16,2168
2332,60,17,2183
2333,60,18,543
2334,60,19,548
2335,60,20,893
2336,60,21,890
2337,60,22,904
2338,60,23,971
2339,60,24,191
2340,60,25,188
2341,60,26,1125
2342,60,27,1126
2343,60,28,2046
2344,60,29,2080
2345,60,30,181
2346,60,31,176
2347,60,32,1695
2348,60,33,821
2349,60,34,822
2350,60,35,761
2351,60,36,762
2352,60,37,1300
2353,60,38,2033
2354,60,39,251
2355,60,40,246
2356,60,41,239
2357,60,42,242
2358,60,43,1110
2359,61,1,1045
2360,61,2,1042
2361,61,3,1478
2362,61,4,1311
2363,61,5,1312
2364,61,6,913
2365,61,7,908
2366,61,8,1221
2367,61,9,1224
2368,61,10,1228
2369,61,11,145
2370,61,12,140
2371,61,13,1055
2372,61,14,1051
2373,61,15,927
2374,61,16,924
2375,61,17,1525
2376,61,18,1526
2377,61,19,2036
2378,61,20,859
2379,61,21,753
2380,61,22,739
2381,61,23,740
2382,61,24,1850
2383,61,25,399
2384,61,26,400
2385,61,27,404
2386,61,28,2121
2387,61,29,2118
2388,61,30,1757
2389,61,31,1754
2390,61,32,1902
2391,61,33,1869
2392,61,34,1791
2393,61,35,1792
2394,61,36,1117
2395,61,37,1109
2396,61,38,1110
2397,62,1,1045
2398,62,2,1042
2399,62,3,1478
2400,62,4,1311
2401,62,5,1312
2402,62,6,913
2403,62,7,908
2404,62,8,1221
2405,62,9,1224
2406,62,10,1228
2407,62,11,145
2408,62,12,140
2409,62,13,1055
2410,62,14,1051
2411,62,15,927
2412,62,16,924
2413,62,17,1525
2414,62,18,1526
2415,62,19,2036
2416,62,20,859
2417,62,21,753
2418,62,22,739
2419,62,23,740
2420,62,24,1850
2421,62,25,399
2422,62,26,400
2423,62,27,404
2424,62,28,2121
2425,62,29,2118
2426,62,30,1757
2427,62,31,1754
2428,62,32,1902
2429,62,33,1869
2430,62,34,1791
2431,62,35,1792
2432,62,36,1117
2433,62,37,1109
2434,62,38,1110
2435,63,1,1045
2436,63,2,1042
2437,63,3,1478
2438,63,4,1311
2439,63,5,1312
2440,63,6,913
2441,63,7,908
2442,63,8,1221
2443,63,9,1224
2444,63,10,1228
2445,63,11,145
2446,63,12,140
2447,63,13,1055
2448,63,14,1051
2449,63,15,927
2450,63,16,924
2451,63,17,1525
2452,63,18,1526
2453,63,19,2036
2454,63,20,859
2455,63,21,753
2456,63,22,739
2457,63,23,740
2458,63,24,1850
2459,63,25,399
2460,63,26,400
2461,63,27,404
2462,63,28,2121
2463,63,29,2118
2464,63,30,1757
2465,63,31,1754
2466,63,32,1902
2467,63,33,1869
2468,63,34,1791
2469,63,35,1792
2470,63,36,1117
2471,63,37,1109
2472,63,38,1110
2473,64,1,1045
2474,64,2,1042
2475,64,3,1478
2476,64,4,1311
2477,64,5,1312
2478,64,6,913
2479,64,7,908
2480,64,8,1221
2481,64,9,1224
2482,64,10,1228
2483,64,11,145
2484,64,12,140
2485,64,13,1055
2486,64,14,1051
2487,64,15,927
2488,64,16,924
2489,64,17,1525
2490,64,18,1526
2491,64,19,2036
2492,64,20,859
2493,64,21,753
2494,64,22,739
2495,64,23,740
2496,64,24,1850
2497,64,25,399
2498,64,26,400
2499,64,27,404
2500,64,28,2121
2501,64,29,2118
2502,64,30,1757
2503,64,31,1754
2504,64,32,1902
2505,64,33,1869
2506,64,34,1791
2507,64,35,1792
2508,64,36,1117
2509,64,37,1109
2510,64,38,1110
2511,65,1,1045
2512,65,2,1042
2513,65,3,1478
2514,65,4,1311
2515,65,5,1312
2516,65,6,913
2517,65,7,908
2518,65,8,1221
2519,65,9,1224
2520,65,10,1228
2521,65,11,145
2522,65,12,140
2523,65,13,1055
2524,65,14,1051
2525,65,15,927
2526,65,16,924
2527,65,17,1525
2528,65,18,1526
2529,65,19,2036
2530,65,20,859
2531,65,21,753
2532,65,22,739
2533,65,23,740
2534,65,24,1850
2535,65,25,399
2536,65,26,400
2537,65,27,404
2538,65,28,2121
2539,65,29,2118
2540,65,30,1757
2541,65,31,1754
2542,65,32,1902
2543,65,33,1869
2544,65,34,1791
2545,65,35,1792
2546,65,36,1117
2547,65,37,1109
2548,65,38,1110
2549,66,1,1045
2550,66,2,1042
2551,66,3,1478
2552,66,4,1311
2553,66,5,1312
2554,66,6,913
2555,66,7,908
2556,66,8,1221
2557,66,9,1224
2558,66,10,1228
2559,66,11,145
2560,66,12,140
2561,66,13,1055
2562,66,14,1051
2563,66,15,927
2564,66,16,924
2565,66,17,1525
2566,66,18,1526
2567,66,19,2036
2568,66,20,859
2569,66,21,753
2570,66,22,739
2571,66,23,740
2572,66,24,1850
2573,66,25,399
2574,66,26,400
2575,66,27,404
2576,66,28,2121
2577,66,29,2118
2578,66,30,1757
2579,66,31,1754
2580,66,32,1902
2581,66,33,1869
2582,66,34,1791
2583,66,35,1792
2584,66,36,1117
2585,66,37,1109
2586,66,38,1110
2587,67,1,1045
2588,67,2,1042
2589,67,3,1478
2590,67,4,1311
2591,67,5,1312
2592,67,6,913
2593,67,7,908
2594,67,8,1221
2595,67,9,1224
2596,67,10,1228
2597,67,11,145
2598,67,12,140
2599,67,13,1055
2600,67,14,1051
2601,67,15,927
2602,67,16,924
2603,67,17,1525
2604,67,18,1526
2605,67,19,2036
2606,67,20,859
2607,67,21,753
2608,67,22,739
2609,67,23,740
2610,67,24,1850
2611,67,25,399
2612,67,26,400
2613,67,27,404
2614,67,28,2121
2615,67,29,2118
2616,67,30,1757
2617,67,31,1754
2618,67,32,1902
2619,67,33,1869
2620,67,34,1791
2621,67,35,1792
2622,67,36,1117
2623,67,37,1109
2624,67,38,1110
2625,68,1,1045
2626,68,2,1042
2627,68,3,1478
2628,68,4,1311
2629,68,5,1312
2630,68,6,913
2631,68,7,908
2632,68,8,1221
2633,68,9,1224
2634,68,10,1228
2635,68,11,145
2636,68,12,140
2637,68,13,1055
2638,68,14,1051
2639,68,15,1048
2640,68,16,1866
2641,68,17,1745
2642,68,18,1067
2643,68,19,1062
2644,68,20,1331
2645,68,21,1328
2646,68,22,1577
2647,68,23,1557
2648,68,24,1554
2649,68,25,1333
2650,68,26,1336
2651,68,27,2145
2652,68,28,2142
2653,68,29,2235
2654,68,30,2151
2655,68,31,1785
2656,68,32,1782
2657,68,33,1788
2658,68,34,1792
2659,68,35,1117
2660,68,36,1109
2661,68,37,1110
2662,69,1,1045
2663,69,2,1042
2664,69,3,1478
2665,69,4,1311
2666,69,5,1312
2667,69,6,913
2668,69,7,908
2669,69,8,1221
2670,69,9,1224
2671,69,10,1228
2672,69,11,145
2673,69,12,140
2674,69,13,1055
2675,69,14,1051
2676,69,15,927
2677,69,16,924
2678,69,17,1525
2679,69,18,1526
2680,69,19,2036
2681,69,20,859
2682,69,21,753
2683,69,22,739
2684,69,23,740
2685,69,24,1850
2686,69,25,399
2687,69,26,400
2688,69,27,404
2689,69,28,2121
2690,69,29,2118
2691,69,30,1757
2692,69,31,1754
2693,69,32,1902
2694,69,33,1869
2695,69,34,1791
2696,69,35,1792
2697,69,36,1117
2698,69,37,1109
2699,69,38,1110
2700,70,1,1045
2701,70,2,1042
2702,70,3,1478
2703,70,4,1311
2704,70,5,1312
2705,70,6,913
2706,70,7,908
2707,70,8,1221
2708,70,9,1224
2709,70,10,1228
2710,70,11,145
2711,70,12,140
2712,70,13,1055
2713,70,14,1051
2714,70,15,927
2715,70,16,924
2716,70,17,1525
2717,70,18,1526
2718,70,19,2036
2719,70,20,859
2720,70,21,753
2721,70,22,739
2722,70,23,740
2723,70,24,1850
2724,70,25,399
2725,70,26,400
2726,70,27,404
2727,70,28,2121
2728,70,29,2118
2729,70,30,1757
2730,70,31,1754
2731,70,32,1902
2732,70,33,1869
2733,70,34,1791
2734,70,35,1792
2735,70,36,1117
2736,70,37,1109
2737,70,38,1110
2738,71,1,1045
2739,71,2,1042
2740,71,3,1478
2741,71,4,1311
2742,71,5,1312
2743,71,6,913
2744,71,7,908
2745,71,8,1221
2746,71,9,1224
2747,71,10,1228
2748,71,11,145
2749,71,12,140
2750,71,13,1055
2751,71,14,1051
2752,71,15,927
2753,71,16,924
2754,71,17,1525
2755,71,18,1526
2756,71,19,2036
2757,71,20,859
2758,71,21,753
2759,71,22,739
2760,71,23,740
2761,71,24,1850
2762,71,25,399
2763,71,26,400
2764,71,27,404
2765,71,28,2121
2766,71,29,2118
2767,71,30,1757
2768,71,31,1754
2769,71,32,1902
2770,71,33,1869
2771,71,34,1791
2772,71,35,1792
2773,71,36,1117
2774,71,37,1109
2775,71,38,1110
2776,72,1,1045
2777,72,2,1042
2778,72,3,1478
2779,72,4,1311
2780,72,5,1312
2781,72,6,913
2782,72,7,908
2783,72,8,1221
2784,72,9,1222
2785,72,10,1324
2786,72,11,747
2787,72,12,750
2788,72,13,1149
2789,72,14,1146
2790,72,15,2008
2791,72,16,2089
2792,72,17,531
2793,72,18,528
2794,72,19,532
2795,72,20,536
2796,72,21,1722
2797,72,22,1717
2798,72,23,1718
2799,72,24,233
2800,72,25,234
2801,72,26,231
2802,72,27,226
2803,72,28,2049
2804,72,29,1127
2805,72,30,1122
2806,72,31,1838
2807,72,32,1967
2808,72,33,1143
2809,72,34,1137
2810,72,35,1138
2811,72,36,1645
2812,72,37,1640
2813,72,38,1974
2814,72,39,249
2815,72,40,246
2816,72,41,239
2817,72,42,242
2818,72,43,1110
2819,73,1,1045
2820,73,2,1042
2821,73,3,1478
2822,73,4,1311
2823,73,5,1312
2824,73,6,913
2825,73,7,908
2826,73,8,1221
2827,73,9,1224
2828,73,10,1228
2829,73,11,145
2830,73,12,140
2831,73,13,1055
2832,73,14,1051
2833,73,15,927
2834,73,16,924
2835,73,17,1525
2836,73,18,1526
2837,73,19,2036
2838,73,20,859
2839,73,21,753
2840,73,22,739
2841,73,23,740
2842,73,24,1850
2843,73,25,399
2844,73,26,400
2845,73,27,404
2846,73,28,2121
2847,73,29,2118
2848,73,30,1757
2849,73,31,1754
2850,73,32,1902
2851,73,33,1869
2852,73,34,1791
2853,73,35,1792
2854,73,36,1117
2855,73,37,1109
2856,73,38,1110
2857,74,1,1045
2858,74,2,1042
2859,74,3,1478
2860,74,4,1311
2861,74,5,1312
2862,74,6,913
2863,74,7,908
2864,74,8,1221
2865,74,9,1224
2866,74,10,1228
2867,74,11,145
2868,74,12,140
2869,74,13,1055
2870,74,14,1051
2871,74,15,927
2872,74,16,924
2873,74,17,1525
2874,74,18,1526
2875,74,19,2036
2876,74,20,859
2877,74,21,753
2878,74,22,739
2879,74,23,740
2880,74,24,1850
2881,74,25,399
2882,74,26,400
2883,74,27,404
2884,74,28,2121
2885,74,29,2118
2886,74,30,1757
2887,74,31,1754
2888,74,32,1902
2889,74,33,1869
2890,74,34,1791
2891,74,35,1792
2892,74,36,1117
2893,74,37,1109
2894,74,38,1110
2895,75,1,1045
2896,75,2,1042
2897,75,3,1478
2898,75,4,1311
2899,75,5,1312
2900,75,6,913
2901,75,7,908
2902,75,8,1221
2903,75,9,1224
2904,75,10,1228
2905,75,11,145
2906,75,12,140
2907,75,13,1055
2908,75,14,1051
2909,75,15,927
2910,75,16,924
2911,75,17,1525
2912,75,18,1526
2913,75,19,2036
2914,75,20,859
2915,75,21,753
2916,75,22,739
2917,75,23,740
2918,75,24,1850
2919,75,25,399
2920,75,26,400
2921,75,27,404
2922,75,28,2121
2923,75,29,2118
2924,75,30,1757
2925,75,31,1754
2926,75,32,1902
2927,75,33,1869
2928,75,34,1791
2929,75,35,1792
2930,75,36,1117
2931,75,37,1109
2932,75,38,1110
2933,76,1,1045
2934,76,2,1042
2935,76,3,1478
2936,76,4,1311
2937,76,5,1312
2938,76,6,597
2939,76,7,581
2940,76,8,578
2941,76,9,519
2942,76,10,520
2943,76,11,517
2944,76,12,510
2945,76,13,1818
2946,76,14,1930
2947,76,15,2171
2948,76,16,2168
2949,76,17,2183
2950,76,18,543
2951,76,19,548
2952,76,20,893
2953,76,21,890
2954,76,22,904
2955,76,23,971
2956,76,24,191
2957,76,25,188
2958,76,26,1125
2959,76,27,1126
2960,76,28,2046
2961,76,29,2080
2962,76,30,181
2963,76,31,176
2964,76,32,1695
2965,76,33,821
2966,76,34,822
2967,76,35,761
2968,76,36,762
2969,76,37,1300
2970,76,38,2033
2971,76,39,251
2972,76,40,246
2973,76,41,239
2974,76,42,242
2975,76,43,1110
2976,77,1,1045
2977,77,2,1042
2978,77,3,1478
2979,77,4,1311
2980,77,5,1312
2981,77,6,913
2982,77,7,908
2983,77,8,1221
2984,77,9,1224
2985,77,10,1228
2986,77,11,145
2987,77,12,140
2988,77,13,1055
2989,77,14,1051
2990,77,15,927
2991,77,16,924
2992,77,17,1525
2993,77,18,1526
2994,77,19,2036
2995,77,20,859
2996,77,21,753
2997,77,22,739
2998,77,23,740
2999,77,24,1850
3000,77,25,399
3001,77,26,400
3002,77,27,404
3003,77,28,2121
3004,77,29,2118
3005,77,30,1757
3006,77,31,1754
3007,77,32,1902
3008,77,33,1869
3009,77,34,1791
3010,77,35,1792
3011,77,36,1117
3012,77,37,1109
3013,77,38,1110
3014,78,1,1045
3015,78,2,1042
3016,78,3,1478
3017,78,4,1311
3018,78,5,1312
3019,78,6,597
3020,78,7,581
3021,78,8,578
3022,78,9,519
3023,78,10,520
3024,78,11,517
3025,78,12,510
3026,78,13,1818
3027,78,14,1930
3028,78,15,2171
3029,78,16,2168
3030,78,17,2183
3031,78,18,543
3032,78,19,548
3033,78,20,893
3034,78,21,890
3035,78,22,904
3036,78,23,971
3037,78,24,191
3038,78,25,188
3039,78,26,1125
3040,78,27,1126
3041,78,28,2046
3042,78,29,2080
3043,78,30,181
3044,78,31,176
3045,78,32,1695
3046,78,33,821
3047,78,34,822
3048,78,35,761
3049,78,36,762
3050,78,37,1300
3051,78,38,2033
3052,78,39,251
3053,78,40,246
3054,78,41,239
3055,78,42,242
3056,78,43,1110
3057,79,1,1045
3058,79,2,1042
3059,79,3,1478
3060,79,4,1311
3061,79,5,1312
3062,79,6,913
3063,79,7,908
3064,79,8,1221
3065,79,9,1224
3066,79,10,1228
3067,79,11,145
3068,79,12,140
3069,79,13,1055
3070,79,14,1051
3071,79,15,927
3072,79,16,924
3073,79,17,1525
3074,79,18,1526
3075,79,19,2036
3076,79,20,859
3077,79,21,753
3078,79,22,739
3079,79,23,740
3080,79,24,1850
3081,79,25,399
3082,79,26,400
3083,79,27,404
3084,79,28,2121
3085,79,29,2118
3086,79,30,1757
3087,79,31,1754
3088,79,32,1902
3089,79,33,1869
3090,79,34,1791
3091,79,35,1792
3092,79,36,1117
3093,79,37,1109
3094,79,38,1110
3095,80,1,1045
3096,80,2,1042
3097,80,3,1478
3098,80,4,1311
3099,80,5,1312
3100,80,6,913
3101,80,7,908
3102,80,8,1221
3103,80,9,1224
3104,80,10,1228
3105,80,11,145
3106,80,12,140
3107,80,13,1055
3108,80,14,1051
3109,80,15,927
3110,80,16,924
3111,80,17,1525
3112,80,18,1526
3113,80,19,2036
3114,80,20,859
3115,80,21,753
3116,80,22,739
3117,80,23,740
3118,80,24,1850
3119,80,25,399
3120,80,26,400
3121,80,27,404
3122,80,28,2121
3123,80,29,2118
3124,80,30,1757
3125,80,31,1754
3126,80,32,1902
3127,80,33,1869
3128,80,34,1791
3129,80,35,1792
3130,80,36,1117
3131,80,37,1109
3132,80,38,1110
3133,81,1,1045
3134,81,2,1042
3135,81,3,1478
3136,81,4,1311
3137,81,5,1312
3138,81,6,913
3139,81,7,908
3140,81,8,1221
3141,81,9,1224
3142,81,10,1228
3143,81,11,145
3144,81,12,140
3145,81,13,1055
3146,81,14,1051
3147,81,15,927
3148,81,16,924
3149,81,17,1525
3150,81,18,1526
3151,81,19,2036
3152,81,20,859
3153,81,21,753
3154,81,22,739
3155,81,23,740
3156,81,24,1850
3157,81,25,399
3158,81,26,400
3159,81,27,404
3160,81,28,2121
3161,81,29,2118
3162,81,30,1757
3163,81,31,1754
3164,81,32,1902
3165,81,33,1869
3166,81,34,1791
3167,81,35,1792
3168,81,36,1117
3169,81,37,1109
3170,81,38,1110
3171,82,1,1045
3172,82,2,1042
3173,82,3,1478
3174,82,4,1311
3175,82,5,1312
3176,82,6,913
3177,82,7,908
3178,82,8,1221
3179,82,9,1224
3180,82,10,1228
3181,82,11,145
3182,82,12,140
3183,82,13,1055
3184,82,14,1051
3185,82,15,927
3186,82,16,924
3187,82,17,1525
3188,82,18,1526
3189,82,19,2036
3190,82,20,859
3191,82,21,753
3192,82,22,739
3193,82,23,740
3194,82,24,1850
3195,82,25,399
3196,82,26,400
3197,82,27,404
3198,82,28,2121
3199,82,29,2118
3200,82,30,1757
3201,82,31,1754
3202,82,32,1902
3203,82,33,1869
3204,82,34,1791
3205,82,35,1792
3206,82,36,1117
3207,82,37,1109
3208,82,38,1110
3209,83,1,1045
3210,83,2,1042
3211,83,3,1478
3212,83,4,1311
3213,83,5,1312
3214,83,6,913
3215,83,7,908
3216,83,8,1221
3217,83,9,1224
3218,83,10,1228
3219,83,11,145
3220,83,12,140
3221,83,13,1055
3222,83,14,1051
3223,83,15,927
3224,83,16,924
3225,83,17,1525
3226,83,18,1526
3227,83,19,2036
3228,83,20,859
3229,83,21,753
3230,83,22,739
3231,83,23,740
3232,83,24,1850
3233,83,25,399
3234,83,26,400
3235,83,27,404
3236,83,28,2121
3237,83,29,2118
3238,83,30,1757
3239,83,31,1754
3240,83,32,1902
3241,83,33,1869
3242,83,34,1791
3243,83,35,1792
3244,83,36,1117
3245,83,37,1109
3246,83,38,1110
3247,84,1,1045
3248,84,2,1042
3249,84,3,1478
3250,84,4,1311
3251,84,5,1312
3252,84,6,913
3253,84,7,908
3254,84,8,1221
3255,84,9,1224
3256,84,10,1228
3257,84,11,145
3258,84,12,140
3259,84,13,1055
3260,84,14,1051
3261,84,15,927
3262,84,16,924
3263,84,17,1525
3264,84,18,1526
3265,84,19,2036
3266,84,20,859
3267,84,21,753
3268,84,22,739
3269,84,23,740
3270,84,24,1850
3271,84,25,399
3272,84,26,400
3273,84,27,404
3274,84,28,2121
3275,84,29,2118
3276,84,30,1757
3277,84,31,1754
3278,84,32,1902
3279,84,33,1869
3280,84,34,1791
3281,84,35,1792
3282,84,36,1117
3283,84,37,1109
3284,84,38,1110
3285,85,1,1045
3286,85,2,1042
3287,85,3,1478
3288,85,4,1311
3289,85,5,1312
3290,85,6,913
3291,85,7,908
3292,85,8,1221
3293,85,9,1224
3294,85,10,1228
3295,85,11,145
3296,85,12,140
3297,85,13,1055
3298,85,14,1051
3299,85,15,927
3300,85,16,924
3301,85,17,1525
3302,85,18,1526
3303,85,19,2036
3304,85,20,859
3305,85,21,753
3306,85,22,739
3307,85,23,740
3308,85,24,1850
3309,85,25,399
3310,85,26,400
3311,85,27,404
3312,85,28,2121
3313,85,29,2118
3314,85,30,1757
3315,85,31,1754
3316,85,32,1902
3317,85,33,1869
3318,85,34,1791
3319,85,35,1792
3320,85,36,1117
3321,85,37,1109
3322,85,38,1110
3323,86,1,1045
3324,86,2,1042
3325,86,3,1478
3326,86,4,1311
3327,86,5,1312
3328,86,6,913
3329,86,7,908
3330,86,8,1221
3331,86,9,1224
3332,86,10,1228
3333,86,11,145
3334,86,12,140
3335,86,13,1055
3336,86,14,1051
3337,86,15,927
3338,86,16,924
3339,86,17,1525
3340,86,18,1526
3341,86,19,2036
3342,86,20,859
3343,86,21,753
3344,86,22,739
3345,86,23,740
3346,86,24,1850
3347,86,25,399
3348,86,26,400
3349,86,27,404
3350,86,28,2121
3351,86,29,2118
3352,86,30,1757
3353,86,31,1754
3354,86,32,1902
3355,86,33,1869
3356,86,34,1791
3357,86,35,1792
3358,86,36,1117
3359,86,37,1109
3360,86,38,1110
3361,87,1,1045
3362,87,2,1042
3363,87,3,1478
3364,87,4,1311
3365,87,5,1312
3366,87,6,913
3367,87,7,908
3368,87,8,1221
3369,87,9,1224
3370,87,10,1228
3371,87,11,145
3372,87,12,140
3373,87,13,1055
3374,87,14,1051
3375,87,15,927
3376,87,16,924
3377,87,17,1525
3378,87,18,1526
3379,87,19,2036
3380,87,20,859
3381,87,21,753
3382,87,22,739
3383,87,23,740
3384,87,24,1850
3385,87,25,399
3386,87,26,400
3387,87,27,404
3388,87,28,2121
3389,87,29,2118
3390,87,30,1757
3391,87,31,1754
3392,87,32,1902
3393,87,33,1869
3394,87,34,1791
3395,87,35,1792
3396,87,36,1117
3397,87,37,1109
3398,87,38,1110
3399,88,1,1045
3400,88,2,1042
3401,88,3,1478
3402,88,4,1311
3403,88,5,1312
3404,88,6,913
3405,88,7,908
3406,88,8,1221
3407,88,9,1224
3408,88,10,1228
3409,88,11,145
3410,88,12,140
3411,88,13,1055
3412,88,14,1051
3413,88,15,927
3414,88,16,924
3415,88,17,1525
3416,88,18,1526
3417,88,19,2036
3418,88,20,859
3419,88,21,753
3420,88,22,739
3421,88,23,740
3422,88,24,1850
3423,88,25,399
3424,88,26,400
3425,88,27,404
3426,88,28,2121
3427,88,29,2118
3428,88,30,1757
3429,88,31,1754
3430,88,32,1902
3431,88,33,1869
3432,88,34,1791
3433,88,35,1792
3434,88,36,1117
3435,88,37,1109
3436,88,38,1110
3437,89,1,1045
3438,89,2,1042
3439,89,3,1478
3440,89,4,1311
3441,89,5,1312
3442,89,6,913
3443,89,7,908
3444,89,8,1221
3445,89,9,1224
3446,89,10,1228
3447,89,11,145
3448,89,12,140
3449,89,13,1055
3450,89,14,1051
3451,89,15,927
3452,89,16,924
3453,89,17,1525
3454,89,18,1526
3455,89,19,2036
3456,89,20,859
3457,89,21,753
3458,89,22,739
3459,89,23,740
3460,89,24,1850
3461,89,25,399
3462,89,26,400
3463,89,27,404
3464,89,28,2121
3465,89,29,2118
3466,89,30,1757
3467,89,31,1754
3468,89,32,1902
3469,89,33,1869
3470,89,34,1791
3471,89,35,1792
3472,89,36,1117
3473,89,37,1109
3474,89,38,1110
3475,90,1,1045
3476,90,2,1042
3477,90,3,1478
3478,90,4,1311
3479,90,5,1312
3480,90,6,913
3481,90,7,908
3482,90,8,1221
3483,90,9,1224
3484,90,10,1228
3485,90,11,145
3486,90,12,140
3487,90,13,1055
3488,90,14,1051
3489,90,15,927
3490,90,16,924
3491,90,17,1525
3492,90,18,1526
3493,90,19,2036
3494,90,20,859
3495,90,21,753
3496,90,22,739
3497,90,23,740
3498,90,24,1850
3499,90,25,399
3500,90,26,400
3501,90,27,404
3502,90,28,2121
3503,90,29,2118
3504,90,30,1757
3505,90,31,1754
3506,90,32,1902
3507,90,33,1869
3508,90,34,1791
3509,90,35,1792
3510,90,36,1117
3511,90,37,1109
3512,90,38,1110
3513,91,1,1045
3514,91,2,1042
3515,91,3,1478
3516,91,4,1311
3517,91,5,1308
3518,91,6,1003
3519,91,7,1006
3520,91,8,1030
3521,91,9,1017
3522,91,10,869
3523,91,11,872
3524,91,12,885
3525,91,13,880
3526,91,14,897
3527,91,15,894
3528,91,16,1937
3529,91,17,1938
3530,91,18,1455
3531,91,19,1452
3532,91,20,497
3533,91,21,498
3534,91,22,1431
3535,91,23,1428
3536,91,24,1810
3537,91,25,211
3538,91,26,205
3539,91,27,200
3540,91,28,1837
3541,91,29,1838
3542,91,30,1967
3543,91,31,1143
3544,91,32,1137
3545,91,33,1138
3546,91,34,1645
3547,91,35,1640
3548,91,36,1974
3549,91,37,249
3550,91,38,246
3551,91,39,239
3552,91,40,242
3553,91,41,1110
3554,92,1,1045
3555,92,2,1042
3556,92,3,1478
3557,92,4,1311
3558,92,5,1308
3559,92,6,1575
3560,92,7,1015
3561,92,8,567
3562,92,9,564
3563,92,10,730
3564,92,11,1926
3565,92,12,2176
3566,92,13,2202
3567,92,14,1463
3568,92,15,1460
3569,92,16,1525
3570,92,17,1526
3571,92,18,2036
3572,92,19,859
3573,92,20,753
3574,92,21,739
3575,92,22,740
3576,92,23,1850
3577,92,24,399
3578,92,25,400
3579,92,26,404
3580,92,27,2121
3581,92,28,2118
3582,92,29,1757
3583,92,30,1754
3584,92,31,1902
3585,92,32,1869
3586,92,33,1791
3587,92,34,1792
3588,92,35,1117
3589,92,36,1109
3590,92,37,1110
3591,93,1,1045
3592,93,2,1042
3593,93,3,1478
3594,93,4,1311
3595,93,5,1312
3596,93,6,913
3597,93,7,908
3598,93,8,1221
3599,93,9,1224
3600,93,10,1228
3601,93,11,145
3602,93,12,140
3603,93,13,1055
3604,93,14,1051
3605,93,15,927
3606,93,16,924
3607,93,17,1525
3608,93,18,1526
3609,93,19,2036
3610,93,20,859
3611,93,21,753
3612,93,22,739
3613,93,23,740
3614,93,24,1850
3615,93,25,399
3616,93,26,400
3617,93,27,404
3618,93,28,2121
3619,93,29,2118
3620,93,30,1757
3621,93,31,1754
3622,93,32,1902
3623,93,33,1869
3624,93,34,1791
3625,93,35,1792
3626,93,36,1117
3627,93,37,1109
3628,93,38,1110
3629,94,1,1045
3630,94,2,1042
3631,94,3,1478
3632,94,4,1311
3633,94,5,1312
3634,94,6,913
3635,94,7,908
3636,94,8,1221
3637,94,9,1224
3638,94,10,1228
3639,94,11,145
3640,94,12,140
3641,94,13,1055
3642,94,14,1051
3643,94,15,927
3644,94,16,924
3645,94,17,1525
3646,94,18,1526
3647,94,19,2036
3648,94,20,859
3649,94,21,753
3650,94,22,739
3651,94,23,740
3652,94,24,1850
3653,94,25,399
3654,94,26,400
3655,94,27,404
3656,94,28,2121
3657,94,29,2118
3658,94,30,1757
3659,94,31,1754
3660,94,32,1902
3661,94,33,1869
3662,94,34,1791
3663,94,35,1792
3664,94,36,1117
3665,94,37,1109
3666,94,38,1110
3667,95,1,1045
3668,95,2,1042
3669,95,3,1478
3670,95,4,1311
3671,95,5,1312
3672,95,6,913
3673,95,7,908
3674,95,8,1221
3675,95,9,1222
3676,95,10,1324
3677,95,11,747
3678,95,12,748
3679,95,13,2015
3680,95,14,1319
3681,95,15,1233
3682,95,16,145
3683,95,17,140
3684,95,18,1055
3685,95,19,1051
3686,95,20,927
3687,95,21,924
3688,95,22,1525
3689,95,23,1526
3690,95,24,2036
3691,95,25,859
3692,95,26,753
3693,95,27,739
3694,95,28,740
3695,95,29,1850
3696,95,30,399
3697,95,31,400
3698,95,32,404
3699,95,33,2121
3700,95,34,2118
3701,95,35,1757
3702,95,36,1754
3703,95,37,1902
3704,95,38,1869
3705,95,39,1791
3706,95,40,1792
3707,95,41,1117
3708,95,42,1109
3709,95,43,1110
3710,96,1,1045
3711,96,2,1042
3712,96,3,1478
3713,96,4,1311
3714,96,5,1312
3715,96,6,913
3716,96,7,908
3717,96,8,1221
3718,96,9,1224
3719,96,10,1228
3720,96,11,145
3721,96,12,140
3722,96,13,1055
3723,96,14,1051
3724,96,15,927
3725,96,16,924
3726,96,17,1525
3727,96,18,1526
3728,96,19,2036
3729,96,20,859
3730,96,21,753
3731,96,22,739
3732,96,23,740
3733,96,24,1850
3734,96,25,399
3735,96,26,400
3736,96,27,404
3737,96,28,2121
3738,96,29,2118
3739,96,30,1757
3740,96,31,1754
3741,96,32,1902
3742,96,33,1869
3743,96,34,1791
3744,96,35,1792
3745,96,36,1117
3746,96,37,1109
3747,96,38,1110
3748,97,1,1045
3749,97,2,1042
3750,97,3,1478
3751,97,4,1311
3752,97,5,1312
3753,97,6,913
3754,97,7,908
3755,97,8,1221
3756,97,9,1224
3757,97,10,1228
3758,97,11,145
3759,97,12,140
3760,97,13,1055
3761,97,14,1051
3762,97,15,927
3763,97,16,924
3764,97,17,1525
3765,97,18,1526
3766,97,19,2036
3767,97,20,859
3768,97,21,753
3769,97,22,739
3770,97,23,740
3771,97,24,1850
3772,97,25,399
3773,97,26,400
3774,97,27,404
3775,97,28,2121
3776,97,29,2118
3777,97,30,1757
3778,97,31,1754
3779,97,32,1902
3780,97,33,1869
3781,97,34,1791
3782,97,35,1792
3783,97,36,1117
3784,97,37,1109
3785,97,38,1110
3786,98,1,1045
3787,98,2,1042
3788,98,3,1478
3789,98,4,1311
3790,98,5,1312
3791,98,6,913
3792,98,7,908
3793,98,8,1221
3794,98,9,1224
3795,98,10,1228
3796,98,11,145
3797,98,12,140
3798,98,13,1055
3799,98,14,1051
3800,98,15,927
3801,98,16,924
3802,98,17,1525
3803,98,18,1526
3804,98,19,2036
3805,98,20,859
3806,98,21,753
3807,98,22,739
3808,98,23,740
3809,98,24,1850
3810,98,25,399
3811,98,26,400
3812,98,27,404
3813,98,28,2121
3814,98,29,2118
3815,98,30,1757
3816,98,31,1754
3817,98,32,1902
3818,98,33,1869
3819,98,34,1791
3820,98,35,1792
3821,98,36,1117
3822,98,37,1109
3823,98,38,1110
3824,99,1,1045
3825,99,2,1042
3826,99,3,1478
3827,99,4,1311
3828,99,5,1312
3829,99,6,913
3830,99,7,908
3831,99,8,1221
3832,99,9,1224
3833,99,10,1228
3834,99,11,145
3835,99,12,140
3836,99,13,1055
3837,99,14,1051
3838,99,15,927
3839,99,16,924
3840,99,17,1525
3841,99,18,1526
3842,99,19,2036
3843,99,20,859
3844,99,21,753
3845,99,22,739
3846,99,23,740
3847,99,24,1285
3848,99,25,409
3849,99,26,410
3850,99,27,1288
3851,99,28,1292
3852,99,29,1759
3853,99,30,1754
3854,99,31,1902
3855,99,32,1869
3856,99,33,1791
3857,99,34,1792
3858,99,35,1117
3859,99,36,1109
3860,99,37,1110
3861,100,1,1045
3862,100,2,1042
3863,100,3,1478
3864,100,4,1311
3865,100,5,1308
3866,100,6,1023
3867,100,7,1019
3868,100,8,1020
3869,100,9,1026
3870,100,10,1017
3871,100,11,869
3872,100,12,872
3873,100,13,885
3874,100,14,880
3875,100,15,897
3876,100,16,894
3877,100,17,1937
3878,100,18,1938
3879,100,19,1455
3880,100,20,1452
3881,100,21,497
3882,100,22,498
3883,100,23,1431
3884,100,24,1428
3885,100,25,1810
3886,100,26,211
3887,100,27,205
3888,100,28,200
3889,100,29,1837
3890,100,30,1840
3891,100,31,181
3892,100,32,176
3893,100,33,1695
3894,100,34,821
3895,100,35,822
3896,100,36,761
3897,100,37,762
3898,100,38,1300
3899,100,39,2033
3900,100,40,251
3901,100,41,246
3902,100,42,239
3903,100,43,242
3904,100,44,1110
3905,101,1,1045
3906,101,2,1042
3907,101,3,1478
3908,101,4,1311
3909,101,5,1312
3910,101,6,913
3911,101,7,908
3912,101,8,1221
3913,101,9,1224
3914,101,10,1228
3915,101,11,145
3916,101,12,140
3917,101,13,1055
3918,101,14,1051
3919,101,15,927
3920,101,16,924
3921,101,17,1525
3922,101,18,1526
3923,101,19,2036
3924,101,20,859
3925,101,21,753
3926,101,22,739
3927,101,23,740
3928,101,24,1850
3929,101,25,399
3930,101,26,400
3931,101,27,404
3932,101,28,2121
3933,101,29,2118
3934,101,30,1757
3935,101,31,1754
3936,101,32,1902
3937,101,33,1869
3938,101,34,1791
3939,101,35,1792
3940,101,36,1117
3941,101,37,1109
3942,101,38,1110
3943,102,1,1045
3944,102,2,1042
3945,102,3,1478
3946,102,4,1311
3947,102,5,1312
3948,102,6,913
3949,102,7,914
3950,102,8,603
3951,102,9,598
3952,102,10,718
3953,102,11,709
3954,102,12,710
3955,102,13,730
3956,102,14,1926
3957,102,15,2178
3958,102,16,2216
3959,102,17,1185
3960,102,18,1182
3961,102,19,2159
3962,102,20,2156
3963,102,21,543
3964,102,22,548
3965,102,23,893
3966,102,24,890
3967,102,25,904
3968,102,26,971
3969,102,27,191
3970,102,28,188
3971,102,29,1125
3972,102,30,1126
3973,102,31,2046
3974,102,32,2080
3975,102,33,181
3976,102,34,176
3977,102,35,1695
3978,102,36,821
3979,102,37,822
3980,102,38,761
3981,102,39,762
3982,102,40,1300
3983,102,41,2033
3984,102,42,251
3985,102,43,246
3986,102,44,239
3987,102,45,242
3988,102,46,1110
3989,103,1,1045
3990,103,2,1042
3991,103,3,1478
3992,103,4,1311
3993,103,5,1312
3994,103,6,913
3995,103,7,914
3996,103,8,603
3997,103,9,598
3998,103,10,718
3999,103,11,709
4000,103,12,710
4001,103,13,730
4002,103,14,1923
4003,103,15,1237
4004,103,16,1171
4005,103,17,1174
4006,103,18,1242
4007,103,19,1929
4008,103,20,1930
4009,103,21,2171
4010,103,22,2168
4011,103,23,2183
4012,103,24,543
4013,103,25,548
4014,103,26,893
4015,103,27,890
4016,103,28,904
4017,103,29,971
4018,103,30,191
4019,103,31,188
4020,103,32,1125
4021,103,33,1126
4022,103,34,2046
4023,103,35,2080
4024,103,36,181
4025,103,37,176
4026,103,38,1695
4027,103,39,821
4028,103,40,822
4029,103,41,761
4030,103,42,762
4031,103,43,1300
4032,103,44,2033
4033,103,45,251
4034,103,46,246
4035,103,47,239
4036,103,48,242
4037,103,49,1110
4038,104,1,1045
4039,104,2,1042
4040,104,3,1478
4041,104,4,1311
4042,104,5,1312
4043,104,6,913
4044,104,7,908
4045,104,8,1221
4046,104,9,1224
4047,104,10,1228
4048,104,11,145
4049,104,12,140
4050,104,13,1055
4051,104,14,1051
4052,104,15,927
4053,104,16,924
4054,104,17,1525
4055,104,18,1526
4056,104,19,2036
4057,104,20,859
4058,104,21,753
4059,104,22,739
4060,104,23,740
4061,104,24,1850
4062,104,25,399
4063,104,26,400
4064,104,27,404
4065,104,28,2121
4066,104,29,2118
4067,104,30,1757
4068,104,31,1754
4069,104,32,1902
4070,104,33,1869
4071,104,34,1791
4072,104,35,1792
4073,104,36,1117
4074,104,37,1109
4075,104,38,1110
4076,105,1,1045
4077,105,2,1042
4078,105,3,1478
4079,105,4,1311
4080,105,5,1312
4081,105,6,913
4082,105,7,908
4083,105,8,1221
4084,105,9,1224
4085,105,10,1228
4086,105,11,145
4087,105,12,140
4088,105,13,1055
4089,105,14,1051
4090,105,15,927
4091,105,16,924
4092,105,17,1525
4093,105,18,1526
4094,105,19,2036
4095,105,20,859
4096,105,21,753
4097,105,22,739
4098,105,23,740
4099,105,24,1850
4100,105,25,399
4101,105,26,400
4102,105,27,404
4103,105,28,2121
4104,105,29,2118
4105,105,30,1757
4106,105,31,1754
4107,105,32,1902
4108,105,33,1869
4109,105,34,1791
4110,105,35,1792
4111,105,36,1117
4112,105,37,1109
4113,105,38,1110
4114,106,1,1045
4115,106,2,1042
4116,106,3,1478
4117,106,4,1311
4118,106,5,1312
4119,106,6,913
4120,106,7,908
4121,106,8,1221
4122,106,9,1224
4123,106,10,1228
4124,106,11,145
4125,106,12,140
4126,106,13,1055
4127,106,14,1051
4128,106,15,927
4129,106,16,924
4130,106,17,1525
4131,106,18,1526
4132,106,19,2036
4133,106,20,859
4134,106,21,753
4135,106,22,739
4136,106,23,740
4137,106,24,1850
4138,106,25,399
4139,106,26,400
4140,106,27,404
4141,106,28,2121
4142,106,29,2118
4143,106,30,1757
4144,106,31,1754
4145,106,32,1902
4146,106,33,1869
4147,106,34,1791
4148,106,35,1792
4149,106,36,1117
4150,106,37,1109
4151,106,38,1110
4152,107,1,1045
4153,107,2,1042
4154,107,3,1478
4155,107,4,1311
4156,107,5,1312
4157,107,6,913
4158,107,7,908
4159,107,8,1221
4160,107,9,1224
4161,107,10,1228
4162,107,11,145
4163,107,12,140
4164,107,13,1055
4165,107,14,1051
4166,107,15,927
4167,107,16,924
4168,107,17,1525
4169,107,18,1526
4170,107,19,2036
4171,107,20,859
4172,107,21,753
4173,107,22,739
4174,107,23,740
4175,107,24,1850
4176,107,25,399
4177,107,26,400
4178,107,27,404
4179,107,28,2121
4180,107,29,2118
4181,107,30,1757
4182,107,31,1754
4183,107,32,1902
4184,107,33,1869
4185,107,34,1791
4186,107,35,1792
4187,107,36,1117
4188,107,37,1109
4189,107,38,1110
4190,108,1,1045
4191,108,2,1042
4192,108,3,1478
4193,108,4,1311
4194,108,5,1312
4195,108,6,913
4196,108,7,908
4197,108,8,1221
4198,108,9,1224
4199,108,10,1228
4200,108,11,145
4201,108,12,140
4202,108,13,1055
4203,108,14,1051
4204,108,15,927
4205,108,16,924
4206,108,17,1525
4207,108,18,1526
4208,108,19,2036
4209,108,20,859
4210,108,21,753
4211,108,22,739
4212,108,23,740
4213,108,24,1850
4214,108,25,399
4215,108,26,400
4216,108,27,404
4217,108,28,2121
4218,108,29,2118
4219,108,30,1757
4220,108,31,1754
4221,108,32,1902
4222,108,33,1869
4223,108,34,1791
4224,108,35,1792
4225,108,36,1117
4226,108,37,1109
4227,108,38,1110
4228,109,1,1045
4229,109,2,1042
4230,109,3,1478
4231,109,4,1311
4232,109,5,1312
4233,109,6,913
4234,109,7,908
4235,109,8,1221
4236,109,9,1224
4237,109,10,1228
4238,109,11,145
4239,109,12,140
4240,109,13,1055
4241,109,14,1051
4242,109,15,927
4243,109,16,924
4244,109,17,1525
4245,109,18,1526
4246,109,19,2036
4247,109,20,859
4248,109,21,753
4249,109,22,739
4250,109,23,740
4251,109,24,1850
4252,109,25,399
4253,109,26,400
4254,109,27,404
4255,109,28,2121
4256,109,29,2118
4257,109,30,1757
4258,109,31,1754
4259,109,32,1902
4260,109,33,1869
4261,109,34,1791
4262,109,35,1792
4263,109,36,1117
4264,109,37,1109
4265,109,38,1110
4266,110,1,1045
4267,110,2,1042
4268,110,3,1478
4269,110,4,1311
4270,110,5,1312
4271,110,6,913
4272,110,7,908
4273,110,8,1221
4274,110,9,1224
4275,110,10,1228
4276,110,11,145
4277,110,12,140
4278,110,13,1055
4279,110,14,1051
4280,110,15,927
4281,110,16,924
4282,110,17,1525
4283,110,18,1526
4284,110,19,2036
4285,110,20,859
4286,110,21,753
4287,110,22,739
4288,110,23,740
4289,110,24,1850
4290,110,25,399
4291,110,26,400
4292,110,27,404
4293,110,28,2121
4294,110,29,2118
4295,110,30,1757
4296,110,31,1754
4297,110,32,1902
4298,110,33,1869
4299,110,34,1791
4300,110,35,1792
4301,110,36,1117
4302,110,37,1109
4303,110,38,1110
4304,111,1,1045
4305,111,2,1042
4306,111,3,1478
4307,111,4,1311
4308,111,5,1312
4309,111,6,913
4310,111,7,908
4311,111,8,1221
4312,111,9,1224
4313,111,10,1228
4314,111,11,145
4315,111,12,140
4316,111,13,1055
4317,111,14,1051
4318,111,15,927
4319,111,16,924
4320,111,17,1525
4321,111,18,1526
4322,111,19,2036
4323,111,20,859
4324,111,21,753
4325,111,22,739
4326,111,23,740
4327,111,24,1850
4328,111,25,399
4329,111,26,400
4330,111,27,404
4331,111,28,2121
4332,111,29,2118
4333,111,30,1757
4334,111,31,1754
4335,111,32,1902
4336,111,33,1869
4337,111,34,1791
4338,111,35,1792
4339,111,36,1117
4340,111,37,1109
4341,111,38,1110
4342,112,1,1045
4343,112,2,1042
4344,112,3,1478
4345,112,4,1311
4346,112,5,1312
4347,112,6,913
4348,112,7,908
4349,112,8,1221
4350,112,9,1224
4351,112,10,1228
4352,112,11,145
4353,112,12,140
4354,112,13,1055
4355,112,14,1051
4356,112,15,927
4357,112,16,924
4358,112,17,1525
4359,112,18,1526
4360,112,19,2036
4361,112,20,859
4362,112,21,753
4363,112,22,739
4364,112,23,740
4365,112,24,1850
4366,112,25,399
4367,112,26,400
4368,112,27,404
4369,112,28,2121
4370,112,29,2118
4371,112,30,1757
4372,112,31,1754
4373,112,32,1902
4374,112,33,1869
4375,112,34,1791
4376,112,35,1792
4377,112,36,1117
4378,112,37,1109
4379,112,38,1110
4380,113,1,1045
4381,113,2,1042
4382,113,3,1478
4383,113,4,1311
4384,113,5,1312
4385,113,6,913
4386,113,7,908
4387,113,8,1221
4388,113,9,1224
4389,113,10,1228
4390,113,11,145
4391,113,12,140
4392,113,13,1055
4393,113,14,1051
4394,113,15,927
4395,113,16,924
4396,113,17,1525
4397,113,18,1526
4398,113,19,2036
4399,113,20,859
4400,113,21,753
4401,113,22,739
4402,113,23,740
4403,113,24,1850
4404,113,25,399
4405,113,26,400
4406,113,27,404
4407,113,28,2121
4408,113,29,2118
4409,113,30,1757
4410,113,31,1754
4411,113,32,1902
4412,113,33,1869
4413,113,34,1791
4414,113,35,1792
4415,113,36,1117
4416,113,37,1109
4417,113,38,1110
4418,114,1,1045
4419,114,2,1042
4420,114,3,1478
4421,114,4,1311
4422,114,5,1308
4423,114,6,1575
4424,114,7,1015
4425,114,8,567
4426,114,9,564
4427,114,10,730
4428,114,11,1926
4429,114,12,2176
4430,114,13,2202
4431,114,14,1463
4432,114,15,1460
4433,114,16,1525
4434,114,17,1526
4435,114,18,2036
4436,114,19,859
4437,114,20,753
4438,114,21,739
4439,114,22,740
4440,114,23,1850
4441,114,24,399
4442,114,25,400
4443,114,26,404
4444,114,27,2121
4445,114,28,2118
4446,114,29,1757
4447,114,30,1754
4448,114,31,1902
4449,114,32,1869
4450,114,33,1791
4451,114,34,1792
4452,114,35,1117
4453,114,36,1109
4454,114,37,1110
4455,115,1,1045
4456,115,2,1042
4457,115,3,1478
4458,115,4,1311
4459,115,5,1312
4460,115,6,913
4461,115,7,908
4462,115,8,1221
4463,115,9,1224
4464,115,10,1228
4465,115,11,145
4466,115,12,140
4467,115,13,1055
4468,115,14,1051
4469,115,15,927
4470,115,16,924
4471,115,17,1525
4472,115,18,1526
4473,115,19,2036
4474,115,20,859
4475,115,21,753
4476,115,22,739
4477,115,23,740
4478,115,24,1850
4479,115,25,399
4480,115,26,400
4481,115,27,404
4482,115,28,2121
4483,115,29,2118
4484,115,30,1757
4485,115,31,1754
4486,115,32,1902
4487,115,33,1869
4488,115,34,1791
4489,115,35,1792
4490,115,36,1117
4491,115,37,1109
4492,115,38,1110
4493,116,1,1045
4494,116,2,1042
4495,116,3,1478
4496,116,4,1311
4497,116,5,1312
4498,116,6,913
4499,116,7,908
4500,116,8,1221
4501,116,9,1224
4502,116,10,1228
4503,116,11,145
4504,116,12,140
4505,116,13,1055
4506,116,14,1051
4507,116,15,927
4508,116,16,924
4509,116,17,1525
4510,116,18,1526
4511,116,19,2036
4512,116,20,859
4513,116,21,753
4514,116,22,739
4515,116,23,740
4516,116,24,1850
4517,116,25,399
4518,116,26,400
4519,116,27,404
4520,116,28,2121
4521,116,29,2118
4522,116,30,1757
4523,116,31,1754
4524,116,32,1902
4525,116,33,1869
4526,116,34,1791
4527,116,35,1792
4528,116,36,1117
4529,116,37,1109
4530,116,38,1110
4531,117,1,1045
4532,117,2,1042
4533,117,3,1478
4534,117,4,1311
4535,117,5,1308
4536,117,6,1003
4537,117,7,1006
4538,117,8,1030
4539,117,9,1017
4540,117,10,869
4541,117,11,872
4542,117,12,885
4543,117,13,880
4544,117,14,897
4545,117,15,894
4546,117,16,1937
4547,117,17,1938
4548,117,18,1455
4549,117,19,1452
4550,117,20,497
4551,117,21,498
4552,117,22,1431
4553,117,23,1428
4554,117,24,1810
4555,117,25,211
4556,117,26,205
4557,117,27,200
4558,117,28,1837
4559,117,29,1840
4560,117,30,181
4561,117,31,176
4562,117,32,1695
4563,117,33,821
4564,117,34,822
4565,117,35,761
4566,117,36,762
4567,117,37,1300
4568,117,38,2033
4569,117,39,251
4570,117,40,246
4571,117,41,239
4572,117,42,242
4573,117,43,1110
4574,118,1,1045
4575,118,2,1042
4576,118,3,1478
4577,118,4,1311
4578,118,5,1308
4579,118,6,1575
4580,118,7,1015
4581,118,8,567
4582,118,9,564
4583,118,10,730
4584,118,11,1923
4585,118,12,1237
4586,118,13,1171
4587,118,14,1174
4588,118,15,1242
4589,118,16,1929
4590,118,17,1930
4591,118,18,2171
4592,118,19,2168
4593,118,20,2183
4594,118,21,543
4595,118,22,548
4596,118,23,893
4597,118,24,890
4598,118,25,904
4599,118,26,971
4600,118,27,191
4601,118,28,188
4602,118,29,1125
4603,118,30,1126
4604,118,31,2046
4605,118,32,2080
4606,118,33,181
4607,118,34,176
4608,118,35,1695
4609,118,36,821
4610,118,37,822
4611,118,38,761
4612,118,39,762
4613,118,40,1300
4614,118,41,2033
4615,118,42,251
4616,118,43,246
4617,118,44,239
4618,118,45,242
4619,118,46,1110
