,node_id,latitude,longitude
0,1,28.688677,115.84062
1,2,28.689528,115.8384
2,3,28.700531,115.84645
3,4,28.706692,115.84472
4,5,28.69808,115.84744
5,6,28.706707,115.750595
6,7,28.716112,115.75834
7,8,28.702116,115.904854
8,9,28.70314,115.90533
9,10,28.701283,115.906845
10,11,28.69858,115.891396
11,12,28.699596,115.895874
12,13,28.69778,115.88981
13,14,28.695705,115.89541
14,15,28.695633,115.89247
15,16,28.623648,115.90002
16,17,28.623772,115.90002
17,18,28.62425,115.911766
18,19,28.681826,115.82854
19,20,28.740582,115.81999
20,21,28.740309,115.82448
21,22,28.740583,115.79898
22,23,28.705133,115.92557
23,24,28.697285,115.91826
24,25,28.697117,115.918015
25,26,28.718533,115.9282
26,27,28.597866,115.95577
27,28,28.595182,115.96832
28,29,28.685143,115.85322
29,30,28.679039,115.83918
30,31,28.701374,115.860085
31,32,28.69313,115.83769
32,33,28.694439,115.83851
33,34,28.66607,115.93629
34,35,28.665596,115.93533
35,36,28.636797,115.813934
36,37,28.638222,115.79475
37,38,28.641104,115.786995
38,39,28.640923,115.78667
39,40,28.638002,115.79461
40,41,28.622772,115.91513
41,42,28.607834,115.92235
42,43,28.623602,115.94212
43,44,28.59586,115.92574
44,45,28.619904,115.77357
45,46,28.595348,115.76299
46,47,28.668478,115.82352
47,48,28.6643,115.814995
48,49,28.666792,115.81781
49,50,28.669302,115.820885
50,51,28.668434,115.821106
51,52,28.659988,115.824356
52,53,28.657606,115.83154
53,54,28.67122,115.83037
54,55,28.656958,115.83121
55,56,28.662863,115.81222
56,57,28.65609,115.83512
57,58,28.65462,115.83558
58,59,28.664707,115.81506
59,60,28.660843,115.82426
60,61,28.664583,115.815315
61,62,28.66063,115.82472
62,63,28.657736,115.83124
63,64,28.63663,115.81403
64,65,28.703928,115.94094
65,66,28.700525,115.93844
66,67,28.696583,115.93532
67,68,28.696184,115.93617
68,69,28.705124,115.925835
69,70,28.66513,115.94638
70,71,28.69799,115.9712
71,72,28.694717,115.97122
72,73,28.699678,115.97123
73,74,28.70462,115.971245
74,75,28.629282,115.9755
75,76,28.687288,115.98575
76,77,28.610651,115.97218
77,78,28.668413,115.98447
78,79,28.695566,115.781334
79,80,28.695385,115.79783
80,81,28.677,115.77467
81,82,28.65846,115.90053
82,83,28.642464,115.91221
83,84,28.597212,115.95907
84,85,28.630657,115.96292
85,86,28.609858,115.96112
86,87,28.603966,115.960175
87,88,28.616451,115.961525
88,89,28.65831,115.90239
89,90,28.63905,115.90716
90,91,28.639145,115.908905
91,92,28.602415,115.90449
92,93,28.660198,115.82388
93,94,28.664427,115.814735
94,95,28.65709,115.8309
95,96,28.648228,115.8262
96,97,28.654097,115.79498
97,98,28.669178,115.82483
98,99,28.676456,115.82404
99,100,28.720554,115.879326
100,101,28.716007,115.879036
101,102,28.708801,115.875244
102,103,28.704906,115.866516
103,104,28.710936,115.87095
104,105,28.712214,115.87709
105,106,28.72096,115.87462
106,107,28.71409,115.87274
107,108,28.707924,115.86875
108,109,28.73236,115.88468
109,110,28.733177,115.87334
110,111,28.7335,115.879364
111,112,28.732983,115.87875
112,113,28.730139,115.87667
113,114,28.725613,115.89824
114,115,28.725874,115.89838
115,116,28.72444,115.90401
116,117,28.725233,115.90332
117,118,28.724476,115.90427
118,119,28.725367,115.903496
119,120,28.726076,115.91265
120,121,28.72622,115.8949
121,122,28.68812,115.914154
122,123,28.68856,115.914215
123,124,28.68644,115.909546
124,125,28.68784,115.98366
125,126,28.606958,115.89278
126,127,28.689892,115.819916
127,128,28.703836,115.83553
128,129,28.714705,115.8181
129,130,28.716171,115.81157
130,131,28.7157,115.79099
131,132,28.717674,115.78712
132,133,28.714872,115.8446
133,134,28.735575,115.80263
134,135,28.732988,115.81998
135,136,28.734304,115.82632
136,137,28.709198,115.78434
137,138,28.671852,115.944244
138,139,28.65646,115.97564
139,140,28.631422,115.9559
140,141,28.678106,115.88861
141,142,28.640785,115.750656
142,143,28.664259,115.78586
143,144,28.617172,115.848434
144,145,28.617168,115.8482
145,146,28.611153,115.979
146,147,28.620325,115.98764
147,148,28.615921,115.97401
148,149,28.733465,115.85448
149,150,28.611261,115.91146
150,151,28.60851,115.916626
151,152,28.611647,115.9116
152,153,28.609318,115.91635
153,154,28.59532,115.96568
154,155,28.697472,115.87025
155,156,28.700697,115.8656
156,157,28.732668,115.84613
157,158,28.74064,115.84993
158,159,28.739803,115.83791
159,160,28.729958,115.789665
160,161,28.740625,115.85337
161,162,28.631165,115.80955
162,163,28.635494,115.79644
163,164,28.632805,115.79803
164,165,28.633234,115.79823
165,166,28.616198,115.79931
166,167,28.637856,115.78554
167,168,28.619627,115.81314
168,169,28.615465,115.810745
169,170,28.618252,115.803764
170,171,28.619522,115.80094
171,172,28.619637,115.80075
172,173,28.620983,115.79585
173,174,28.623901,115.788
174,175,28.636917,115.79108
175,176,28.63097,115.78745
176,177,28.636967,115.79096
177,178,28.62389,115.783394
178,179,28.635504,115.79629
179,180,28.6218,115.78872
180,181,28.64834,115.76916
181,182,28.649101,115.76868
182,183,28.655825,115.75123
183,184,28.65616,115.75036
184,185,28.646954,115.77212
185,186,28.64706,115.771935
186,187,28.648573,115.76946
187,188,28.62507,115.785576
188,189,28.596283,115.80171
189,190,28.6086,115.80704
190,191,28.61948,115.79038
191,192,28.606987,115.8109
192,193,28.612932,115.7971
193,194,28.61656,115.78873
194,195,28.620205,115.78759
195,196,28.61167,115.79052
196,197,28.615004,115.79239
197,198,28.616425,115.77935
198,199,28.6199,115.781296
199,200,28.622362,115.78266
200,201,28.595598,115.79084
201,202,28.62457,115.75031
202,203,28.632177,115.98655
203,204,28.633562,115.979805
204,205,28.598604,115.98554
205,206,28.71586,115.98505
206,207,28.638847,115.8474
207,208,28.619581,115.8695
208,209,28.624502,115.87881
209,210,28.64099,115.85852
210,211,28.738409,115.86222
211,212,28.73842,115.862305
212,213,28.69336,115.95489
213,214,28.668394,115.87923
214,215,28.635046,115.84341
215,216,28.652472,115.85996
216,217,28.660751,115.865944
217,218,28.670795,115.8686
218,219,28.67801,115.8711
219,220,28.668198,115.869644
220,221,28.677351,115.870636
221,222,28.677662,115.870804
222,223,28.675413,115.87096
223,224,28.675714,115.87043
224,225,28.64323,115.8797
225,226,28.67133,115.87647
226,227,28.65831,115.9006
227,228,28.655317,115.86486
228,229,28.661406,115.86848
229,230,28.638554,115.84763
230,231,28.638657,115.84723
231,232,28.628881,115.8414
232,233,28.642385,115.857
233,234,28.640781,115.8584
234,235,28.641863,115.856575
235,236,28.63311,115.820625
236,237,28.633245,115.82069
237,238,28.635324,115.81755
238,239,28.635878,115.814514
239,240,28.6399,115.8962
240,241,28.642464,115.9121
241,242,28.700724,115.86918
242,243,28.70059,115.86939
243,244,28.702082,115.870766
244,245,28.66258,115.812416
245,246,28.64911,115.7837
246,247,28.649168,115.783554
247,248,28.731127,115.835594
248,249,28.731203,115.83557
249,250,28.732944,115.85579
250,251,28.732185,115.84602
251,252,28.700464,115.86894
252,253,28.693792,115.95663
253,254,28.619724,115.90289
254,255,28.619791,115.90296
255,256,28.673119,115.88908
256,257,28.696587,115.885765
257,258,28.678907,115.89855
258,259,28.669247,115.901535
259,260,28.667496,115.90307
260,261,28.669168,115.90139
261,262,28.665655,115.90832
262,263,28.634895,115.81212
263,264,28.647038,115.81104
264,265,28.700989,115.89849
265,266,28.595528,115.87714
266,267,28.700335,115.75295
267,268,28.700407,115.75286
268,269,28.706179,115.795364
269,270,28.65633,115.75028
270,271,28.645353,115.7745
271,272,28.613028,115.847305
272,273,28.602478,115.89807
273,274,28.687113,115.836914
274,275,28.683138,115.84686
275,276,28.652752,115.78555
276,277,28.6526,115.78549
277,278,28.652918,115.78507
278,279,28.652767,115.78502
279,280,28.67217,115.92311
280,281,28.672163,115.92327
281,282,28.683609,115.921936
282,283,28.682362,115.92198
283,284,28.678879,115.922424
284,285,28.68229,115.922134
285,286,28.695885,115.91897
286,287,28.690554,115.93438
287,288,28.690453,115.934364
288,289,28.69511,115.90944
289,290,28.674997,115.88873
290,291,28.675097,115.88873
291,292,28.700779,115.86566
292,293,28.689749,115.878006
293,294,28.689983,115.87781
294,295,28.658323,115.89505
295,296,28.713125,115.76654
296,297,28.718328,115.779
297,298,28.697119,115.75208
298,299,28.671713,115.914505
299,300,28.674143,115.908104
300,301,28.673296,115.89429
301,302,28.68582,115.90148
302,303,28.685104,115.89971
303,304,28.655472,115.98673
304,305,28.684843,115.96924
305,306,28.696886,115.89261
306,307,28.623508,115.942085
307,308,28.637667,115.940834
308,309,28.634035,115.933876
309,310,28.730158,115.94173
310,311,28.701338,115.94458
311,312,28.694256,115.94301
312,313,28.7095,115.91476
313,314,28.70884,115.91497
314,315,28.71059,115.914696
315,316,28.716335,115.91129
316,317,28.716208,115.91114
317,318,28.714445,115.91042
318,319,28.71429,115.90892
319,320,28.715424,115.91226
320,321,28.715668,115.91152
321,322,28.715645,115.91277
322,323,28.715946,115.91332
323,324,28.716679,115.91444
324,325,28.717163,115.9142
325,326,28.717106,115.91503
326,327,28.713915,115.909325
327,328,28.691332,115.91914
328,329,28.691488,115.91699
329,330,28.691395,115.91693
330,331,28.691208,115.92208
331,332,28.691454,115.922104
332,333,28.676191,115.8724
333,334,28.678476,115.87996
334,335,28.693432,115.95472
335,336,28.698338,115.84388
336,337,28.700031,115.845566
337,338,28.699009,115.844376
338,339,28.699467,115.84176
339,340,28.70074,115.842545
340,341,28.69241,115.8402
341,342,28.732088,115.98597
342,343,28.67146,115.98649
343,344,28.643724,115.81795
344,345,28.647772,115.8162
345,346,28.633358,115.81143
346,347,28.634241,115.80902
347,348,28.634346,115.813835
348,349,28.635576,115.80545
349,350,28.635748,115.809715
350,351,28.636446,115.803055
351,352,28.636993,115.80604
352,353,28.638206,115.80242
353,354,28.695637,115.96748
354,355,28.69574,115.96751
355,356,28.695826,115.96853
356,357,28.704601,115.97633
357,358,28.67715,115.98188
358,359,28.678602,115.98203
359,360,28.598408,115.95367
360,361,28.598328,115.95404
361,362,28.598448,115.95276
362,363,28.598423,115.95301
363,364,28.653805,115.76848
364,365,28.652725,115.76775
365,366,28.670101,115.87379
366,367,28.691484,115.85092
367,368,28.694056,115.85354
368,369,28.695211,115.85657
369,370,28.677797,115.97397
370,371,28.677683,115.97399
371,372,28.677847,115.97796
372,373,28.677732,115.97794
373,374,28.640793,115.887794
374,375,28.623661,115.94096
375,376,28.610683,115.94036
376,377,28.61117,115.94083
377,378,28.622387,115.951965
378,379,28.622917,115.95274
379,380,28.623043,115.95265
380,381,28.623102,115.95127
381,382,28.62367,115.951836
382,383,28.636713,115.95137
383,384,28.636786,115.951256
384,385,28.637453,115.95067
385,386,28.637459,115.95189
386,387,28.637543,115.950676
387,388,28.638144,115.95126
388,389,28.619032,115.91662
389,390,28.610704,115.94143
390,391,28.610807,115.94173
391,392,28.712387,115.82222
392,393,28.712166,115.8227
393,394,28.713495,115.82053
394,395,28.714594,115.77496
395,396,28.7147,115.775024
396,397,28.596794,115.95897
397,398,28.634272,115.805595
398,399,28.650148,115.91669
399,400,28.671583,115.923134
400,401,28.61703,115.80685
401,402,28.617212,115.80643
402,403,28.619532,115.80018
403,404,28.619003,115.80069
404,405,28.619123,115.80132
405,406,28.616058,115.80003
406,407,28.692532,115.85504
407,408,28.701054,115.8475
408,409,28.715155,115.88229
409,410,28.679176,115.88851
410,411,28.678978,115.89116
411,412,28.716251,115.913826
412,413,28.639223,115.90241
413,414,28.602962,115.784744
414,415,28.603176,115.78479
415,416,28.69919,115.79859
416,417,28.647673,115.901764
417,418,28.603317,115.790436
418,419,28.636747,115.9416
419,420,28.636787,115.941475
420,421,28.637583,115.94224
421,422,28.63465,115.98761
422,423,28.650415,115.82707
423,424,28.608257,115.95256
424,425,28.628471,115.877495
425,426,28.628592,115.87755
426,427,28.685368,115.79704
427,428,28.597017,115.97502
428,429,28.660023,115.98727
429,430,28.663128,115.89525
430,431,28.683155,115.88967
431,432,28.668043,115.87276
432,433,28.599215,115.782364
433,434,28.603662,115.75523
434,435,28.606413,115.750595
435,436,28.60641,115.75053
436,437,28.597124,115.85461
437,438,28.59714,115.85436
438,439,28.641804,115.90973
439,440,28.665842,115.90245
440,441,28.595316,115.82816
441,442,28.595295,115.82834
442,443,28.609554,115.79477
443,444,28.609652,115.794556
444,445,28.656403,115.975845
445,446,28.681454,115.78517
446,447,28.702599,115.843834
447,448,28.609926,115.832954
448,449,28.609835,115.8329
449,450,28.687237,115.98594
450,451,28.69128,115.87897
451,452,28.610668,115.97242
452,453,28.717434,115.914665
453,454,28.595549,115.7908
454,455,28.596369,115.7715
455,456,28.596416,115.77129
456,457,28.597006,115.7687
457,458,28.6356,115.80108
458,459,28.636848,115.79774
459,460,28.596003,115.796364
460,461,28.595625,115.80987
461,462,28.674011,115.86831
462,463,28.669586,115.86887
463,464,28.662237,115.870125
464,465,28.694534,115.95566
465,466,28.704468,115.95623
466,467,28.595707,115.86279
467,468,28.616333,115.86698
468,469,28.617493,115.87692
469,470,28.628979,115.87652
470,471,28.635395,115.87916
471,472,28.740437,115.97675
472,473,28.688118,115.91425
473,474,28.674131,115.87411
474,475,28.671919,115.8782
475,476,28.668886,115.880714
476,477,28.668762,115.88034
477,478,28.675755,115.87759
478,479,28.675543,115.87688
479,480,28.665369,115.87033
480,481,28.617474,115.84421
481,482,28.643824,115.87664
482,483,28.637413,115.85007
483,484,28.643879,115.87644
484,485,28.62759,115.84736
485,486,28.683088,115.84664
486,487,28.701326,115.94433
487,488,28.69428,115.94278
488,489,28.730074,115.94163
489,490,28.703608,115.941635
490,491,28.732601,115.85454
491,492,28.71347,115.8347
492,493,28.665764,115.90243
493,494,28.70811,115.81855
494,495,28.714022,115.821815
495,496,28.71362,115.8206
496,497,28.714201,115.82171
497,498,28.70481,115.84667
498,499,28.70488,115.84662
499,500,28.63004,115.96866
500,501,28.60206,115.969185
501,502,28.640917,115.88701
502,503,28.674675,115.90819
503,504,28.651009,115.90158
504,505,28.706173,115.79529
505,506,28.70693,115.790764
506,507,28.71331,115.76962
507,508,28.687109,115.98642
508,509,28.633442,115.782265
509,510,28.6336,115.7831
510,511,28.632866,115.78357
511,512,28.632496,115.7826
512,513,28.632599,115.78381
513,514,28.633442,115.782
514,515,28.62619,115.778824
515,516,28.625715,115.77798
516,517,28.625032,115.77923
517,518,28.626034,115.81185
518,519,28.621962,115.80942
519,520,28.621742,115.80865
520,521,28.620974,115.81012
521,522,28.621714,115.80849
522,523,28.611217,115.81106
523,524,28.613739,115.805336
524,525,28.614199,115.80425
525,526,28.61567,115.799
526,527,28.61591,115.79998
527,528,28.61656,115.798515
528,529,28.616903,115.79942
529,530,28.618322,115.79488
530,531,28.618795,115.79381
531,532,28.61891,115.794464
532,533,28.639187,115.76768
533,534,28.63936,115.76866
534,535,28.640097,115.767365
535,536,28.640371,115.76817
536,537,28.731739,115.87795
537,538,28.732365,115.87871
538,539,28.736206,115.881905
539,540,28.739752,115.88352
540,541,28.72808,115.98744
541,542,28.729273,115.9415
542,543,28.728155,115.987495
543,544,28.73361,115.96835
544,545,28.733624,115.96805
545,546,28.663692,115.922646
546,547,28.66647,115.92189
547,548,28.69512,115.919655
548,549,28.663504,115.921326
549,550,28.663797,115.9156
550,551,28.66392,115.91561
551,552,28.713749,115.91335
552,553,28.715769,115.91171
553,554,28.724886,115.82504
554,555,28.724867,115.825195
555,556,28.698204,115.90348
556,557,28.713968,115.87302
557,558,28.733774,115.87987
558,559,28.710789,115.87124
559,560,28.704725,115.86679
560,561,28.720936,115.87496
561,562,28.730156,115.8769
562,563,28.707752,115.86902
563,564,28.72054,115.879616
564,565,28.708681,115.87551
565,566,28.71211,115.877335
566,567,28.658098,115.917816
567,568,28.65815,115.91794
568,569,28.658308,115.88578
569,570,28.65477,115.88391
570,571,28.596111,115.88993
571,572,28.740578,115.84376
572,573,28.664322,115.7858
573,574,28.682163,115.88819
574,575,28.678453,115.880905
575,576,28.684696,115.893265
576,577,28.680126,115.87865
577,578,28.685568,115.88715
578,579,28.680504,115.88035
579,580,28.684103,115.891525
580,581,28.599806,115.79321
581,582,28.59988,115.7935
582,583,28.64969,115.76784
583,584,28.633862,115.975746
584,585,28.715796,115.985016
585,586,28.70802,115.81874
586,587,28.595358,115.862946
587,588,28.5971,115.839874
588,589,28.682886,115.84718
589,590,28.740572,115.87482
590,591,28.653801,115.79546
591,592,28.648558,115.81412
592,593,28.597267,115.90432
593,594,28.681921,115.82859
594,595,28.597256,115.9042
595,596,28.621902,115.979294
596,597,28.628448,115.98389
597,598,28.64771,115.98376
598,599,28.677965,115.88689
599,600,28.611559,115.91983
600,601,28.679153,115.899635
601,602,28.597036,115.97492
602,603,28.740076,115.875084
603,604,28.658445,115.90238
604,605,28.65861,115.90895
605,606,28.66437,115.91318
606,607,28.61172,115.79994
607,608,28.654392,115.76092
608,609,28.654352,115.76101
609,610,28.663229,115.7604
610,611,28.659506,115.75029
611,612,28.6596,115.7503
612,613,28.660618,115.75199
613,614,28.660624,115.75205
614,615,28.652279,115.767235
615,616,28.611607,115.909874
616,617,28.59562,115.9653
617,618,28.595743,115.96534
618,619,28.598072,115.95492
619,620,28.595427,115.9672
620,621,28.737968,115.971825
621,622,28.732414,115.90709
622,623,28.73977,115.909195
623,624,28.67502,115.75221
624,625,28.618738,115.916534
625,626,28.733654,115.792984
626,627,28.617725,115.85287
627,628,28.611887,115.9108
628,629,28.612017,115.88832
629,630,28.61216,115.89626
630,631,28.6126,115.8812
631,632,28.693254,115.84072
632,633,28.651054,115.901505
633,634,28.615894,115.9742
634,635,28.674807,115.98078
635,636,28.690437,115.98726
636,637,28.602009,115.96946
637,638,28.677536,115.96936
638,639,28.673603,115.969765
639,640,28.67486,115.980576
640,641,28.702219,115.87055
641,642,28.704994,115.87307
642,643,28.667015,115.81762
643,644,28.645597,115.77477
644,645,28.647928,115.77038
645,646,28.73321,115.87556
646,647,28.73278,115.87848
647,648,28.732563,115.88455
648,649,28.684319,115.94396
649,650,28.685059,115.94333
650,651,28.685158,115.94341
651,652,28.685925,115.94393
652,653,28.603495,115.75345
653,654,28.695345,115.75031
654,655,28.708443,115.818985
655,656,28.70865,115.81889
656,657,28.709362,115.819664
657,658,28.7099,115.81982
658,659,28.710411,115.82038
659,660,28.710518,115.82023
660,661,28.711544,115.82099
661,662,28.711603,115.820786
662,663,28.713905,115.913025
663,664,28.732635,115.85353
664,665,28.732721,115.879295
665,666,28.646498,115.77562
666,667,28.64798,115.77268
667,668,28.64759,115.78159
668,669,28.691652,115.8427
669,670,28.61733,115.85256
670,671,28.613558,115.87343
671,672,28.613737,115.87357
672,673,28.599379,115.94796
673,674,28.598421,115.95335
674,675,28.598923,115.95018
675,676,28.595787,115.96536
676,677,28.595541,115.96643
677,678,28.739723,115.88335
678,679,28.73604,115.88147
679,680,28.73888,115.87615
680,681,28.615343,115.98659
681,682,28.62926,115.97573
682,683,28.675276,115.79725
683,684,28.728138,115.79477
684,685,28.73005,115.78945
685,686,28.595896,115.76563
686,687,28.596067,115.76578
687,688,28.73909,115.843285
688,689,28.739569,115.84423
689,690,28.636955,115.79824
690,691,28.634642,115.807884
691,692,28.635134,115.80656
692,693,28.639538,115.8044
693,694,28.670395,115.86829
694,695,28.733364,115.971054
695,696,28.73356,115.96491
696,697,28.627363,115.9345
697,698,28.646769,115.91437
698,699,28.697546,115.87027
699,700,28.641777,115.885376
700,701,28.63421,115.911
701,702,28.634268,115.91098
702,703,28.668201,115.894
703,704,28.671734,115.88532
704,705,28.732924,115.87958
705,706,28.601921,115.78916
706,707,28.60183,115.78938
707,708,28.601698,115.789
708,709,28.601604,115.78922
709,710,28.677375,115.838212
710,711,28.6905005,115.8359475
711,712,28.700565,115.873145
712,713,28.7152593,115.8815683
713,714,28.7202687,115.8830775
714,715,28.7253092,115.8828621
715,716,28.7173843,115.8745112
716,717,28.69277,115.95559
717,718,28.692725,115.9558275
718,719,28.7057827,115.9121824
719,720,28.7024202,115.908365
720,721,28.7027605,115.89193
721,722,28.7008639,115.8931114
722,723,28.6973145,115.8954725
723,724,28.6988745,115.892845
724,725,28.6651475,115.9460825
725,726,28.6510901,115.9448273
726,727,28.6762623,115.8985733
727,728,28.671776,115.9134283
728,729,28.7063802,115.9002187
729,730,28.7073382,115.89926
730,731,28.7052425,115.902915
731,732,28.704439,115.899128
732,733,28.702343,115.8971188
733,734,28.704713,115.8947797
734,735,28.7096345,115.902727
735,736,28.7094628,115.9030292
736,737,28.708478,115.905438
737,738,28.63605,115.87602
738,739,28.6191163,115.8947917
739,740,28.6394245,115.8962238
740,741,28.650784,115.7912275
741,742,28.6503347,115.793475
742,743,28.6502525,115.793845
743,744,28.6704261,115.8300571
744,745,28.678922,115.8347467
745,746,28.7215235,115.9413473
746,747,28.7229015,115.8189335
747,748,28.6384315,115.8214777
748,749,28.6386802,115.8258903
749,750,28.638892,115.8254925
750,751,28.6396997,115.790355
751,752,28.6421374,115.830008
752,753,28.645925,115.83282
753,754,28.653424,115.839588
754,755,28.65375,115.8398833
755,756,28.659258,115.8448263
756,757,28.660033,115.8454875
757,758,28.669686,115.8213863
758,759,28.678496,115.801555
759,760,28.7384287,115.9084213
760,761,28.6583506,115.9059733
761,762,28.6222497,115.9676353
762,763,28.6146023,115.9181983
763,764,28.6906554,115.8526931
764,765,28.6966745,115.8659492
765,766,28.6825177,115.849384
766,767,28.68617,115.8504173
767,768,28.6991326,115.8681373
768,769,28.6777557,115.8540125
769,770,28.681893,115.852325
770,771,28.679474,115.846003
771,772,28.682601,115.83716
772,773,28.6783335,115.8513
773,774,28.6789695,115.8483938
774,775,28.6799575,115.843978
775,776,28.6812822,115.840575
776,777,28.684826,115.832346
777,778,28.6798755,115.8442375
778,779,28.6846348,115.8425035
779,780,28.690509,115.845802
780,781,28.6885357,115.8447303
781,782,28.6928955,115.8472075
782,783,28.695459,115.8486879
783,784,28.7001962,115.857803
784,785,28.697275,115.8461
785,786,28.693971,115.850675
786,787,28.6916182,115.836679
787,788,28.703863,115.8450533
788,789,28.7071615,115.85585
789,790,28.7079715,115.85743
790,791,28.709506,115.8591453
791,792,28.7190022,115.8676988
792,793,28.7216153,115.8676083
793,794,28.7243023,115.8673117
794,795,28.7166823,115.86675
795,796,28.6632568,115.8481117
796,797,28.637457,115.8285833
797,798,28.631154,115.8244442
798,799,28.6187658,115.8152338
799,800,28.6112965,115.8114686
800,801,28.7164335,115.8793785
801,802,28.7098985,115.86525
802,803,28.621198,115.7882485
803,804,28.6375035,115.951313
804,805,28.623024,115.9518987
805,806,28.5987469,115.9506804
806,807,28.6661983,115.9355973
807,808,28.6666392,115.935928
808,809,28.6671285,115.9170975
809,810,28.6661807,115.912704
810,811,28.667452,115.907364
811,812,28.6673417,115.90921
812,813,28.663276,115.9131564
813,814,28.658432,115.912965
814,815,28.6658154,115.9050213
815,816,28.6657541,115.9049968
816,817,28.6369755,115.813015
817,818,28.637273,115.81034
818,819,28.6349288,115.8178512
819,820,28.637758,115.80861
820,821,28.6392817,115.7969188
821,822,28.6403748,115.8030828
822,823,28.6405515,115.80084
823,824,28.6395763,115.79061
824,825,28.6884462,115.85851
825,826,28.6476977,115.834474
826,827,28.6401435,115.823167
827,828,28.6387,115.82117
828,829,28.6353193,115.827292
829,830,28.6370895,115.8239825
830,831,28.678508,115.7507267
831,832,28.6794765,115.75054
832,833,28.678987,115.7503038
833,834,28.6099109,115.9209473
834,835,28.6246927,115.9145318
835,836,28.6239796,115.9329924
836,837,28.6224605,115.96233
837,838,28.6240598,115.9289394
838,839,28.6338173,115.8959223
839,840,28.6337812,115.90218
840,841,28.6166374,115.9173844
841,842,28.603555,115.7599087
842,843,28.6300568,115.7625225
843,844,28.6051585,115.7859775
844,845,28.6130898,115.7868465
845,846,28.699354,115.86178
846,847,28.6952565,115.86777
847,848,28.7109385,115.7843575
848,849,28.666858,115.827585
849,850,28.661772,115.838815
850,851,28.6638205,115.83469
851,852,28.6709875,115.8301075
852,853,28.6675433,115.8288302
853,854,28.6665413,115.8282875
854,855,28.6709518,115.830555
855,856,28.6678803,115.8373587
856,857,28.663661,115.835055
857,858,28.6644115,115.8354725
858,859,28.6504735,115.827535
859,860,28.634314,115.81707
860,861,28.6481417,115.8265783
861,862,28.644188,115.825315
862,863,28.6758337,115.8418753
863,864,28.698931,115.8492575
864,865,28.7024228,115.855902
865,866,28.69713,115.846295
866,867,28.694104,115.844135
867,868,28.7008567,115.8529325
868,869,28.7048407,115.8605683
869,870,28.641327,115.791545
870,871,28.660192,115.8032727
871,872,28.6538325,115.79523
872,873,28.656264,115.8357025
873,874,28.6873375,115.8478312
874,875,28.695512,115.852147
875,876,28.6759115,115.841619
876,877,28.69197,115.84957
877,878,28.6969968,115.8553558
878,879,28.698477,115.8592082
879,880,28.6551457,115.8348558
880,881,28.6555146,115.8363767
881,882,28.678712,115.801845
882,883,28.6331237,115.7828615
883,884,28.6248427,115.7784825
884,885,28.6362345,115.7872075
885,886,28.669678,115.8457012
886,887,28.6616315,115.8397
887,888,28.662512,115.840095
888,889,28.665703,115.8422883
889,890,28.644294,115.824935
890,891,28.6680855,115.837208
891,892,28.6659135,115.84212
892,893,28.673125,115.825088
893,894,28.621377,115.809308
894,895,28.6138775,115.804815
895,896,28.64304,115.9703533
896,897,28.631461,115.9513075
897,898,28.6560548,115.9340256
898,899,28.6851452,115.935694
899,900,28.696313,115.9323033
900,901,28.7049885,115.941315
901,902,28.6983355,115.9353275
902,903,28.717933,115.93054
903,904,28.685976,115.924703
904,905,28.685111,115.9304825
905,906,28.6905472,115.9310975
906,907,28.6968008,115.9356738
907,908,28.6912815,115.9433037
908,909,28.6963605,115.9712
909,910,28.7141557,115.9681332
910,911,28.6713245,115.9624775
911,912,28.6505408,115.8674937
912,913,28.64633,115.885765
913,914,28.6473065,115.88219
914,915,28.6393876,115.9017992
915,916,28.6524747,115.8815633
916,917,28.630261,115.8541312
917,918,28.6390645,115.8608835
918,919,28.6456418,115.864948
919,920,28.6357175,115.8582562
920,921,28.6240694,115.8679368
921,922,28.6302067,115.872985
922,923,28.663704,115.879035
923,924,28.671142,115.878441
924,925,28.6773828,115.87612
925,926,28.6814812,115.8751212
926,927,28.6791747,115.8759127
927,928,28.6775793,115.9007137
928,929,28.6627167,115.9554133
929,930,28.6941205,115.968032
930,931,28.6974395,115.9680475
931,932,28.6991065,115.96806
932,933,28.696856,115.9557175
933,934,28.70129,115.955743
934,935,28.704443,115.95576
935,936,28.704588,115.96807
936,937,28.7144048,115.95587
937,938,28.6599753,115.9756667
938,939,28.671387,115.97915
939,940,28.6889625,115.851791
940,941,28.688058,115.8513275
941,942,28.6860643,115.8565517
942,943,28.686723,115.857002
943,944,28.7050364,115.8135938
944,945,28.6952777,115.8033067
945,946,28.689816,115.8052438
946,947,28.695618,115.821475
947,948,28.6954934,115.811962
948,949,28.648571,115.9436425
949,950,28.6162361,115.9412087
950,951,28.601221,115.939925
951,952,28.6235955,115.94149
952,953,28.6443295,115.9661255
953,954,28.5954235,115.9593275
954,955,28.6415733,115.9755733
955,956,28.6640422,115.905398
956,957,28.6640068,115.9051814
957,958,28.6643453,115.9051167
958,959,28.6643777,115.90537
959,960,28.6552287,115.9062787
960,961,28.6584517,115.9088433
961,962,28.658612,115.9129
962,963,28.6419995,115.9083462
963,964,28.701803,115.863907
964,965,28.6414585,115.791215
965,966,28.638475,115.80673
966,967,28.6329143,115.8211428
967,968,28.637881,115.8082667
968,969,28.64755,115.830415
969,970,28.6492025,115.8323225
970,971,28.6953286,115.799114
971,972,28.6645525,115.835112
972,973,28.6676835,115.8279475
973,974,28.662688,115.83925
974,975,28.649458,115.831958
975,976,28.7246853,115.8749728
976,977,28.71274,115.86736
977,978,28.714256,115.864255
978,979,28.715667,115.869015
979,980,28.7070495,115.863188
980,981,28.724549,115.8707285
981,982,28.721281,115.87055
982,983,28.7183315,115.8703
983,984,28.737729,115.878255
984,985,28.6883055,115.9189
985,986,28.6775635,115.921532
986,987,28.6960375,115.900365
987,988,28.688366,115.90423
988,989,28.691541,115.9042367
989,990,28.688377,115.907524
990,991,28.6023322,115.8912787
991,992,28.6085173,115.8774513
992,993,28.6037127,115.8772938
993,994,28.597485,115.87716
994,995,28.606989,115.844055
995,996,28.6051545,115.8623885
996,997,28.607792,115.837705
997,998,28.6310197,115.7876807
998,999,28.6881127,115.8133875
999,1000,28.7043022,115.8310025
1000,1001,28.714586,115.79682
1001,1002,28.7159398,115.8073175
1002,1003,28.7209475,115.7813862
1003,1004,28.7147515,115.842378
1004,1005,28.737305,115.824657
1005,1006,28.735365,115.83827
1006,1007,28.7347315,115.8086355
1007,1008,28.739145,115.8379423
1008,1009,28.738084,115.8088672
1009,1010,28.7393901,115.8453139
1010,1011,28.736685,115.820005
1011,1012,28.7386875,115.797265
1012,1013,28.7233752,115.807855
1013,1014,28.7239515,115.795475
1014,1015,28.725321,115.7927245
1015,1016,28.6779527,115.962903
1016,1017,28.6715007,115.9857147
1017,1018,28.671356,115.9555575
1018,1019,28.6726203,115.9358617
1019,1020,28.6593412,115.962324
1020,1021,28.6460729,115.95887
1021,1022,28.663187,115.884075
1022,1023,28.6644328,115.8749507
1023,1024,28.6530957,115.8770333
1024,1025,28.658458,115.877938
1025,1026,28.6483215,115.877622
1026,1027,28.6438822,115.758751
1027,1028,28.6597631,115.7776137
1028,1029,28.7088645,115.85646
1029,1030,28.61023,115.9529375
1030,1031,28.6156195,115.984055
1031,1032,28.6890913,115.82012
1032,1033,28.610626,115.8630755
1033,1034,28.691581,115.8893633
1034,1035,28.6914577,115.8920963
1035,1036,28.6911688,115.8852013
1036,1037,28.691254,115.885515
1037,1038,28.6905493,115.8973663
1038,1039,28.6910657,115.8838533
1039,1040,28.7017325,115.864167
1040,1041,28.717138,115.847145
1041,1042,28.732674,115.8386525
1042,1043,28.7326617,115.8384833
1043,1044,28.738684,115.797502
1044,1045,28.6998311,115.8119943
1045,1046,28.6200485,115.7907435
1046,1047,28.633334,115.783343
1047,1048,28.6253244,115.7782162
1048,1049,28.6322595,115.7976573
1049,1050,28.627476,115.807525
1050,1051,28.632842,115.7948275
1051,1052,28.63504,115.7899385
1052,1053,28.6163685,115.799122
1053,1054,28.62915,115.804806
1054,1055,28.627729,115.7950925
1055,1056,28.6364314,115.7868297
1056,1057,28.6328424,115.782393
1057,1058,28.6228167,115.8057253
1058,1059,28.621456,115.8091075
1059,1060,28.624195,115.80297
1060,1061,28.6243267,115.8027367
1061,1062,28.6265492,115.7977165
1062,1063,28.6121215,115.8088547
1063,1064,28.6144826,115.812971
1064,1065,28.61522,115.802095
1065,1066,28.6184913,115.7943288
1066,1067,28.6233205,115.783315
1067,1068,28.6234125,115.78312
1068,1069,28.6288195,115.7925475
1069,1070,28.6397745,115.7679115
1070,1071,28.646539,115.771765
1071,1072,28.602593,115.773218
1072,1073,28.6049765,115.773672
1073,1074,28.61666,115.7770045
1074,1075,28.60258,115.7730275
1075,1076,28.600456,115.79805
1076,1077,28.6070017,115.800742
1077,1078,28.5980865,115.7866138
1078,1079,28.6061905,115.7829662
1079,1080,28.604064,115.8106
1080,1081,28.6050215,115.805465
1081,1082,28.6173745,115.75987
1082,1083,28.6050045,115.773455
1083,1084,28.6054315,115.770515
1084,1085,28.6065993,115.78035
1085,1086,28.610469,115.8027
1086,1087,28.6212505,115.778165
1087,1088,28.6098155,115.7503825
1088,1089,28.6286173,115.9793433
1089,1090,28.6391,115.980755
1090,1091,28.684319,115.967066
1091,1092,28.7145563,115.9712625
1092,1093,28.732202,115.9487047
1093,1094,28.7385538,115.8523235
1094,1095,28.628915,115.841057
1095,1096,28.628769,115.8764398
1096,1097,28.642298,115.8819225
1097,1098,28.6433825,115.8554625
1098,1099,28.685907,115.787309
1099,1100,28.6903034,115.7669132
1100,1101,28.6377268,115.9415932
1101,1102,28.7054687,115.8179242
1102,1103,28.726898,115.8826325
1103,1104,28.7267525,115.875208
1104,1105,28.726661,115.87497
1105,1106,28.6599733,115.975872
1106,1107,28.6812298,115.8299738
1107,1108,28.6776255,115.876924
1108,1109,28.6780194,115.8781656
1109,1110,28.667874,115.875872
1110,1111,28.6916905,115.84974
1111,1112,28.6872185,115.84813
1112,1113,28.6950867,115.8621127
1113,1114,28.681252,115.8549121
1114,1115,28.652286,115.8603825
1115,1116,28.6653863,115.8691664
1116,1117,28.6682952,115.8687902
1117,1118,28.669768,115.8685575
1118,1119,28.6724359,115.8687214
1119,1120,28.6649477,115.87144
1120,1121,28.6669542,115.8691995
1121,1122,28.6728495,115.8685523
1122,1123,28.6733868,115.869508
1123,1124,28.6751396,115.8704175
1124,1125,28.67833,115.8714975
1125,1126,28.668212,115.8692506
1126,1127,28.668016,115.8713247
1127,1128,28.6681826,115.8695738
1128,1129,28.6704163,115.8689
1129,1130,28.675076,115.8696662
1130,1131,28.6490287,115.85899
1131,1132,28.649159,115.859132
1132,1133,28.6413593,115.88525
1133,1134,28.6755468,115.8999153
1134,1135,28.6753298,115.9006222
1135,1136,28.6773192,115.908585
1136,1137,28.677356,115.911191
1137,1138,28.6790963,115.9005644
1138,1139,28.6705275,115.87715
1139,1140,28.669699,115.877655
1140,1141,28.6690005,115.8762125
1141,1142,28.6480277,115.90717
1142,1143,28.65835,115.883915
1143,1144,28.6564695,115.786872
1144,1145,28.6430525,115.827879
1145,1146,28.642869,115.8282813
1146,1147,28.647345,115.83082
1147,1148,28.6283327,115.871765
1148,1149,28.698546,115.885125
1149,1150,28.729782,115.955735
1150,1151,28.6555447,115.8655643
1151,1152,28.643172,115.8551775
1152,1153,28.6621265,115.868606
1153,1154,28.6539612,115.869204
1154,1155,28.619215,115.8415575
1155,1156,28.6348404,115.8168968
1156,1157,28.6722292,115.8208292
1157,1158,28.6134335,115.8773365
1158,1159,28.6237335,115.895185
1159,1160,28.663971,115.917085
1160,1161,28.621761,115.975245
1161,1162,28.7020528,115.82767
1162,1163,28.7049445,115.873315
1163,1164,28.699061,115.8717183
1164,1165,28.7034893,115.875175
1165,1166,28.6413235,115.9016237
1166,1167,28.6564225,115.78699
1167,1168,28.6812185,115.799663
1168,1169,28.6830448,115.7858325
1169,1170,28.6907983,115.7882975
1170,1171,28.6853998,115.79676
1171,1172,28.690785,115.7965242
1172,1173,28.7385615,115.908245
1173,1174,28.6936215,115.956555
1174,1175,28.6239398,115.9026728
1175,1176,28.602332,115.90365
1176,1177,28.6750945,115.88806
1177,1178,28.6677615,115.8912
1178,1179,28.6657923,115.8917513
1179,1180,28.678875,115.894955
1180,1181,28.6743418,115.8836242
1181,1182,28.6751874,115.796851
1182,1183,28.6862125,115.911605
1183,1184,28.6755715,115.89463
1184,1185,28.6727074,115.8812332
1185,1186,28.6881785,115.898285
1186,1187,28.685096,115.898428
1187,1188,28.6677467,115.9031833
1188,1189,28.6692112,115.903794
1189,1190,28.6912003,115.883846
1190,1191,28.686205,115.877815
1191,1192,28.688392,115.8899367
1192,1193,28.6876537,115.8854088
1193,1194,28.686415,115.879895
1194,1195,28.6870353,115.88203
1195,1196,28.6887055,115.8923625
1196,1197,28.6166684,115.798934
1197,1198,28.6355569,115.9106778
1198,1199,28.610404,115.949405
1199,1200,28.610566,115.9408561
1200,1201,28.7074703,115.8185338
1201,1202,28.7105623,115.8156747
1202,1203,28.6991662,115.8001566
1203,1204,28.7042505,115.800715
1204,1205,28.6502715,115.7656745
1205,1206,28.6510555,115.7663
1206,1207,28.6548465,115.75779
1207,1208,28.6544205,115.757647
1208,1209,28.6556365,115.75137
1209,1210,28.6552377,115.90642
1210,1211,28.667607,115.9045767
1211,1212,28.6583216,115.9057099
1212,1213,28.6583414,115.9062896
1213,1214,28.6959255,115.8394187
1214,1215,28.7001495,115.820943
1215,1216,28.686058,115.838985
1216,1217,28.6881118,115.8344403
1217,1218,28.689862,115.8413575
1218,1219,28.6841932,115.8557868
1219,1220,28.6977105,115.869585
1220,1221,28.6734372,115.85281
1221,1222,28.678788,115.751583
1222,1223,28.6837371,115.8227926
1223,1224,28.6837234,115.8085864
1224,1225,28.6836635,115.8145252
1225,1226,28.6638875,115.922795
1226,1227,28.6688985,115.923305
1227,1228,28.6671626,115.9231098
1228,1229,28.663426,115.92228
1229,1230,28.6633615,115.922505
1230,1231,28.6749212,115.9233213
1231,1232,28.675894,115.9228
1232,1233,28.6773817,115.922625
1233,1234,28.687977,115.9214807
1234,1235,28.688144,115.9211437
1235,1236,28.687233,115.9216
1236,1237,28.6930907,115.920541
1237,1238,28.6904953,115.9210533
1238,1239,28.7034186,115.916824
1239,1240,28.7051745,115.916755
1240,1241,28.6796825,115.922595
1241,1242,28.6924578,115.9210492
1242,1243,28.7030005,115.9165525
1243,1244,28.7002023,115.916985
1244,1245,28.7004117,115.9172067
1245,1246,28.691511,115.909611
1246,1247,28.6909035,115.8814685
1247,1248,28.6916245,115.879095
1248,1249,28.6893803,115.8781967
1249,1250,28.6860493,115.8768021
1250,1251,28.6981273,115.8698883
1251,1252,28.6796851,115.8774512
1252,1253,28.681054,115.87532
1253,1254,28.657618,115.8952029
1254,1255,28.6139545,115.80463
1255,1256,28.7043675,115.758988
1256,1257,28.665534,115.9082325
1257,1258,28.706225,115.897465
1258,1259,28.700856,115.9007125
1259,1260,28.7401558,115.9443432
1260,1261,28.6237305,115.895415
1261,1262,28.6790115,115.886743
1262,1263,28.680871,115.88649
1263,1264,28.633332,115.9370575
1264,1265,28.637481,115.95589
1265,1266,28.6359275,115.969405
1266,1267,28.637404,115.962944
1267,1268,28.6035537,115.9289763
1268,1269,28.60305,115.928915
1269,1270,28.6954438,115.81809
1270,1271,28.671112,115.8995375
1271,1272,28.6851065,115.94417
1272,1273,28.7143847,115.9431585
1273,1274,28.704406,115.9453837
1274,1275,28.6776725,115.94421
1275,1276,28.714196,115.909865
1276,1277,28.7126392,115.911079
1277,1278,28.7124005,115.9107675
1278,1279,28.7082985,115.91515
1279,1280,28.72258,115.930875
1280,1281,28.708441,115.9153925
1281,1282,28.707596,115.9141015
1282,1283,28.6914873,115.9113539
1283,1284,28.691294,115.907455
1284,1285,28.6912715,115.909618
1285,1286,28.688361,115.90958
1286,1287,28.6916775,115.914317
1287,1288,28.657813,115.920336
1288,1289,28.6587585,115.872591
1289,1290,28.6705875,115.883567
1290,1291,28.6907395,115.839118
1291,1292,28.69502,115.8417925
1292,1293,28.691769,115.842405
1293,1294,28.671506,115.979448
1294,1295,28.6385507,115.80902
1295,1296,28.638669,115.8086367
1296,1297,28.644141,115.8167225
1297,1298,28.6447545,115.802236
1298,1299,28.6366025,115.801679
1299,1300,28.6738685,115.969937
1300,1301,28.6958562,115.9680788
1301,1302,28.6942135,115.9559065
1302,1303,28.6777301,115.9812217
1303,1304,28.6778743,115.982685
1304,1305,28.6782538,115.982496
1305,1306,28.7130347,115.8214087
1306,1307,28.694111,115.8980167
1307,1308,28.6516332,115.9067773
1308,1309,28.6972636,115.9436852
1309,1310,28.6416273,115.97577
1310,1311,28.6851313,115.9626722
1311,1312,28.6098836,115.8333745
1312,1313,28.6717525,115.87952
1313,1314,28.706293,115.84954
1314,1315,28.6972983,115.94332
1315,1316,28.6233733,115.9412225
1316,1317,28.6233372,115.9417102
1317,1318,28.623866,115.9416825
1318,1319,28.6238872,115.94131
1319,1320,28.610829,115.940534
1320,1321,28.6109888,115.9410812
1321,1322,28.600691,115.939833
1322,1323,28.6226616,115.9522252
1323,1324,28.6229765,115.95128
1324,1325,28.623408,115.9516
1325,1326,28.6378082,115.9515943
1326,1327,28.6224175,115.91543
1327,1328,28.6207925,115.915855
1328,1329,28.620889,115.915924
1329,1330,28.714419,115.7754987
1330,1331,28.7112298,115.8793625
1331,1332,28.60247,115.897625
1332,1333,28.647526,115.952872
1333,1334,28.6579177,115.9206517
1334,1335,28.6775437,115.935885
1335,1336,28.6192447,115.8004253
1336,1337,28.616523,115.79968
1337,1338,28.6442797,115.897219
1338,1339,28.6502153,115.8965712
1339,1340,28.6739435,115.8500595
1340,1341,28.6745795,115.8471753
1341,1342,28.6826975,115.8369575
1342,1343,28.693536,115.8578725
1343,1344,28.6941965,115.8439
1344,1345,28.695228,115.852375
1345,1346,28.697138,115.850748
1346,1347,28.70301,115.851573
1347,1348,28.704525,115.8546
1348,1349,28.7248295,115.8795875
1349,1350,28.6035176,115.7900758
1350,1351,28.602851,115.7701
1351,1352,28.6032706,115.789909
1352,1353,28.6655463,115.9454787
1353,1354,28.671952,115.943935
1354,1355,28.637474,115.9421425
1355,1356,28.700132,115.827335
1356,1357,28.6850777,115.9556433
1357,1358,28.6273495,115.8808175
1358,1359,28.595607,115.9670425
1359,1360,28.601129,115.969167
1360,1361,28.6000795,115.9757025
1361,1362,28.672268,115.875888
1362,1363,28.603294,115.75046
1363,1364,28.616665,115.77679
1364,1365,28.6097965,115.75982
1365,1366,28.595686,115.8628833
1366,1367,28.6173315,115.84352
1367,1368,28.6634106,115.890703
1368,1369,28.664963,115.8930803
1369,1370,28.6656092,115.8939848
1370,1371,28.651008,115.8916233
1371,1372,28.6518313,115.8857617
1372,1373,28.725846,115.82542
1373,1374,28.7263705,115.819265
1374,1375,28.7277593,115.8290947
1375,1376,28.733803,115.968218
1376,1377,28.7338055,115.968124
1377,1378,28.692568,115.864255
1378,1379,28.6777737,115.9690967
1379,1380,28.6987942,115.8542275
1380,1381,28.6897755,115.841578
1381,1382,28.723594,115.799494
1382,1383,28.6958285,115.936785
1383,1384,28.6898675,115.8605775
1384,1385,28.616827,115.772607
1385,1386,28.7273645,115.8081245
1386,1387,28.6778505,115.98172
1387,1388,28.6778565,115.982192
1388,1389,28.693561,115.955705
1389,1390,28.6793614,115.8989621
1390,1391,28.676966,115.799535
1391,1392,28.6912272,115.9430468
1392,1393,28.636307,115.8192514
1393,1394,28.6346976,115.822304
1394,1395,28.632965,115.825575
1395,1396,28.688203,115.898544
1396,1397,28.5960675,115.83368
1397,1398,28.685958,115.8392375
1398,1399,28.704262,115.800925
1399,1400,28.7051647,115.7572287
1400,1401,28.6717697,115.87151
1401,1402,28.6142745,115.7842275
1402,1403,28.6177405,115.786175
1403,1404,28.5980509,115.7970838
1404,1405,28.6736437,115.8681667
1405,1406,28.6746835,115.869975
1406,1407,28.7317828,115.9682875
1407,1408,28.6655747,115.9090975
1408,1409,28.6656,115.8695133
1409,1410,28.6583415,115.882005
1410,1411,28.648589,115.876655
1411,1412,28.634621,115.8820425
1412,1413,28.6203145,115.876816
1413,1414,28.626615,115.8747787
1414,1415,28.6870135,115.921345
1415,1416,28.677393,115.91366
1416,1417,28.686054,115.913945
1417,1418,28.658371,115.889035
1418,1419,28.63709,115.85939
1419,1420,28.625991,115.851845
1420,1421,28.6321525,115.849925
1421,1422,28.621688,115.863753
1422,1423,28.6349025,115.843845
1423,1424,28.611668,115.894207
1424,1425,28.644717,115.893797
1425,1426,28.645055,115.882118
1426,1427,28.6883835,115.90559
1427,1428,28.6882315,115.911745
1428,1429,28.6905115,115.9357695
1429,1430,28.675117,115.8447725
1430,1431,28.7294092,115.9419108
1431,1432,28.6776695,115.94398
1432,1433,28.6851095,115.94396
1433,1434,28.7044163,115.94514
1434,1435,28.7047288,115.9434027
1435,1436,28.7042103,115.9434413
1436,1437,28.7051075,115.941605
1437,1438,28.7350685,115.780098
1438,1439,28.7074553,115.8182253
1439,1440,28.7133699,115.8218277
1440,1441,28.7136578,115.8212167
1441,1442,28.597423,115.89016
1442,1443,28.7102204,115.795066
1443,1444,28.6255362,115.778943
1444,1445,28.6254888,115.8113327
1445,1446,28.6215246,115.8097032
1446,1447,28.6211412,115.808778
1447,1448,28.6186008,115.81488
1448,1449,28.620813,115.8089825
1449,1450,28.619029,115.814853
1450,1451,28.6190873,115.8152597
1451,1452,28.6142876,115.805187
1452,1453,28.6142807,115.80475
1453,1454,28.6161365,115.7988012
1454,1455,28.6186635,115.7946587
1455,1456,28.6396296,115.767482
1456,1457,28.6399138,115.7683752
1457,1458,28.6726665,115.8466525
1458,1459,28.731999,115.968062
1459,1460,28.6645726,115.9165388
1460,1461,28.7047675,115.80909
1461,1462,28.714483,115.909165
1462,1463,28.691431,115.92124
1463,1464,28.6776755,115.962575
1464,1465,28.703623,115.858165
1465,1466,28.7248375,115.8798425
1466,1467,28.686587,115.90538
1467,1468,28.6892464,115.8777659
1468,1469,28.673997,115.8888513
1469,1470,28.714478,115.942842
1470,1471,28.7121165,115.82121
1471,1472,28.7121935,115.8210275
1472,1473,28.677507,115.9229475
1473,1474,28.6593686,115.8148112
1474,1475,28.6500245,115.81586
1475,1476,28.6111065,115.9289133
1476,1477,28.7067661,115.8533738
1477,1478,28.678858,115.835005
1478,1479,28.6122403,115.8941963
1479,1480,28.6340483,115.8069375
1480,1481,28.601173,115.968895
1481,1482,28.6082915,115.79784
1482,1483,28.6595965,115.7521545
1483,1484,28.6560925,115.75147
1484,1485,28.659197,115.7590087
1485,1486,28.6681225,115.877645
1486,1487,28.737715,115.9449
1487,1488,28.740552,115.937515
1488,1489,28.675681,115.754607
1489,1490,28.612847,115.8773975
1490,1491,28.6345947,115.9757473
1491,1492,28.6802825,115.9828675
1492,1493,28.6801657,115.98311
1493,1494,28.672309,115.827683
1494,1495,28.650779,115.91689
1495,1496,28.7141351,115.9436659
1496,1497,28.6776557,115.95558
1497,1498,28.7000335,115.8179305
1498,1499,28.6493505,115.776655
1499,1500,28.683283,115.84604
1500,1501,28.6833575,115.8458
1501,1502,28.634551,115.97553
1502,1503,28.6914815,115.920937
1503,1504,28.627274,115.9415502
1504,1505,28.6505787,115.9171483
1505,1506,28.6671175,115.92338
